{"type":"FeatureCollection","features":[{"type":"Feature","geometry":{"type":"Polygon","coordinates":[[[77.61545,13.13028],[77.61578,13.13121],[77.61464,13.13163],[77.61244,13.13301],[77.60428,13.13426],[77.60184,13.13431],[77.59962,13.13203],[77.59657,13.13293],[77.58679,13.13336],[77.58569,13.1333],[77.58586,13.1326],[77.58519,13.13277],[77.58619,13.12915],[77.58565,13.1269],[77.58564,13.12523],[77.58725,13.11357],[77.58782,13.11247],[77.5896,13.1126],[77.5903,13.11242],[77.59113,13.11185],[77.5912,13.11145],[77.59267,13.11063],[77.59345,13.10993],[77.59518,13.10705],[77.59576,13.10484],[77.59625,13.10431],[77.5968,13.10423],[77.5972,13.10369],[77.59665,13.10344],[77.59476,13.10363],[77.59467,13.10233],[77.59291,13.10182],[77.59579,13.09554],[77.59631,13.09324],[77.59605,13.09034],[77.5948,13.08722],[77.60214,13.08591],[77.60702,13.08819],[77.60804,13.08836],[77.60709,13.09128],[77.60681,13.09125],[77.6065,13.09188],[77.60664,13.092],[77.60598,13.09345],[77.60602,13.09406],[77.6081,13.09445],[77.60745,13.09614],[77.60731,13.09764],[77.60801,13.09943],[77.60829,13.102],[77.60893,13.10206],[77.60862,13.10454],[77.60896,13.10454],[77.60876,13.10757],[77.60932,13.10763],[77.60987,13.10815],[77.60971,13.1105],[77.6103,13.11107],[77.61161,13.11405],[77.61218,13.1174],[77.61186,13.1175],[77.61186,13.11868],[77.61221,13.12097],[77.61352,13.12434],[77.61485,13.12869],[77.61545,13.13028]],[[77.62948,13.11036],[77.62816,13.10861],[77.62735,13.10796],[77.6269,13.10689],[77.62624,13.10613],[77.626,13.10502],[77.62714,13.10445],[77.6278,13.10508],[77.62947,13.10456],[77.62908,13.10245],[77.62233,13.10352],[77.62295,13.10727],[77.62104,13.10778],[77.62074,13.10811],[77.62147,13.10892],[77.62208,13.11015],[77.62582,13.11022],[77.63024,13.11129],[77.62947,13.11036],[77.62948,13.11036]]]},"properties":{"ward_id":4878,"ward_no":1,"name":"Kempegowda Ward","lgd_code":1303139,"area_km2":10.84,"centroid":[13.11036,77.60133]}},{"type":"Feature","geometry":{"type":"Polygon","coordinates":[[[77.57375,13.13736],[77.57342,13.13604],[77.57273,13.13629],[77.57238,13.13625],[77.57223,13.1359],[77.57191,13.13597],[77.56996,13.12739],[77.56966,13.12502],[77.56556,13.12596],[77.56319,13.1205],[77.56252,13.11643],[77.5683,13.11435],[77.57523,13.11487],[77.579,13.11474],[77.57946,13.11364],[77.57965,13.11185],[77.58107,13.10753],[77.58457,13.10365],[77.58686,13.10391],[77.59012,13.10495],[77.59118,13.10461],[77.59192,13.10395],[77.59291,13.10182],[77.59467,13.10233],[77.59476,13.10363],[77.59665,13.10344],[77.5972,13.10369],[77.5968,13.10423],[77.59625,13.10431],[77.59576,13.10484],[77.59518,13.10705],[77.59345,13.10993],[77.59267,13.11063],[77.5912,13.11145],[77.59113,13.11185],[77.5903,13.11242],[77.5896,13.1126],[77.58782,13.11247],[77.58725,13.11357],[77.58564,13.12523],[77.58565,13.1269],[77.58619,13.12915],[77.58519,13.13277],[77.58433,13.13396],[77.58401,13.13512],[77.58379,13.13522],[77.58248,13.14003],[77.57991,13.14262],[77.57824,13.14245],[77.57431,13.14152],[77.57436,13.14129],[77.57389,13.14114],[77.57384,13.13762],[77.57375,13.13736]]]},"properties":{"ward_id":4879,"ward_no":2,"name":"Chowdeswari Ward","lgd_code":1303140,"area_km2":6.95,"centroid":[13.12012,77.58283]}},{"type":"Feature","geometry":{"type":"Polygon","coordinates":[[[77.56257,13.1164],[77.56159,13.11382],[77.5643,13.11297],[77.56597,13.11217],[77.56624,13.1118],[77.56531,13.11056],[77.56524,13.10951],[77.56582,13.10814],[77.56572,13.10763],[77.56548,13.10763],[77.5655,13.10719],[77.56641,13.10497],[77.57008,13.10439],[77.56981,13.10277],[77.57009,13.10023],[77.56974,13.10006],[77.56996,13.09787],[77.56954,13.09438],[77.57029,13.09231],[77.57417,13.09044],[77.58021,13.08909],[77.57971,13.08663],[77.57992,13.08679],[77.5808,13.09008],[77.58248,13.0935],[77.5807,13.0945],[77.57902,13.09602],[77.57798,13.09745],[77.57716,13.0994],[77.58652,13.10207],[77.584,13.10417],[77.58107,13.10753],[77.57965,13.11185],[77.57946,13.11364],[77.579,13.11474],[77.57523,13.11487],[77.5683,13.11435],[77.56269,13.11635],[77.56257,13.1164]]]},"properties":{"ward_id":4882,"ward_no":3,"name":"Someshwara Ward","lgd_code":1303141,"area_km2":3.87,"centroid":[13.10364,77.57257]}},{"type":"Feature","geometry":{"type":"Polygon","coordinates":[[[77.55155,13.10086],[77.54423,13.10132],[77.54425,13.1008],[77.54443,13.10079],[77.54239,13.0956],[77.54212,13.09402],[77.54072,13.09178],[77.54071,13.08997],[77.54403,13.08624],[77.54526,13.08527],[77.54519,13.08353],[77.54643,13.08355],[77.54639,13.08339],[77.54749,13.08322],[77.54722,13.08194],[77.5486,13.0817],[77.54901,13.08206],[77.55025,13.08226],[77.55231,13.08454],[77.55561,13.08606],[77.55872,13.08472],[77.55891,13.08496],[77.56033,13.08402],[77.56307,13.08619],[77.56007,13.088],[77.56151,13.0952],[77.56285,13.09778],[77.56433,13.09758],[77.56979,13.09808],[77.56974,13.10006],[77.57009,13.10023],[77.56981,13.10277],[77.57008,13.10439],[77.56641,13.10497],[77.5655,13.10719],[77.56548,13.10763],[77.56572,13.10763],[77.56582,13.10814],[77.56524,13.10951],[77.56531,13.11056],[77.56624,13.1118],[77.56614,13.11201],[77.56379,13.11319],[77.56115,13.11391],[77.56009,13.11236],[77.55981,13.1124],[77.55967,13.11211],[77.55981,13.11179],[77.56013,13.11174],[77.56031,13.11115],[77.56005,13.10931],[77.56096,13.10892],[77.56109,13.10837],[77.55903,13.10434],[77.55892,13.10334],[77.55936,13.10339],[77.55729,13.10117],[77.55713,13.10087],[77.55746,13.10073],[77.55733,13.10042],[77.55655,13.10071],[77.55616,13.10023],[77.55157,13.10086],[77.55155,13.10086]]]},"properties":{"ward_id":4883,"ward_no":4,"name":"Atturu Layout","lgd_code":1303142,"area_km2":5.14,"centroid":[13.09879,77.5571]}},{"type":"Feature","geometry":{"type":"Polygon","coordinates":[[[77.59084,13.07785],[77.59372,13.08465],[77.59397,13.08738],[77.5948,13.08722],[77.59589,13.08985],[77.59637,13.09268],[77.59579,13.09554],[77.59192,13.10395],[77.59118,13.10461],[77.59012,13.10495],[77.58686,13.10391],[77.58457,13.10365],[77.58652,13.10207],[77.57716,13.0994],[77.57798,13.09745],[77.57902,13.09602],[77.5807,13.0945],[77.58248,13.0935],[77.5808,13.09008],[77.57992,13.08679],[77.57961,13.08668],[77.57917,13.08514],[77.58446,13.08363],[77.58291,13.07818],[77.59009,13.07607],[77.59071,13.07754],[77.59084,13.07785]]]},"properties":{"ward_id":4886,"ward_no":5,"name":"Yelahanka Satellite Town","lgd_code":1303143,"area_km2":4.03,"centroid":[13.09167,77.58683]}},{"type":"Feature","geometry":{"type":"Polygon","coordinates":[[[77.49766,13.07196],[77.49294,13.0721],[77.49263,13.06673],[77.49275,13.06376],[77.49303,13.06254],[77.49379,13.0623],[77.49526,13.06254],[77.49856,13.06244],[77.50024,13.06309],[77.50512,13.06383],[77.50791,13.05949],[77.51119,13.0588],[77.51144,13.05996],[77.51194,13.05979],[77.51424,13.06123],[77.5182,13.06019],[77.51973,13.05911],[77.52038,13.05919],[77.51969,13.0578],[77.51978,13.05738],[77.51926,13.05692],[77.51988,13.05563],[77.51859,13.05321],[77.51991,13.05275],[77.51931,13.04994],[77.51865,13.04839],[77.5222,13.04591],[77.52397,13.04917],[77.52684,13.05114],[77.52881,13.05187],[77.53053,13.05315],[77.53142,13.05452],[77.53295,13.05483],[77.53199,13.05832],[77.53137,13.05968],[77.53021,13.06113],[77.52801,13.06276],[77.52453,13.06414],[77.5248,13.06533],[77.52464,13.0654],[77.52518,13.06723],[77.52218,13.06776],[77.523,13.06895],[77.52359,13.07085],[77.51928,13.07132],[77.51999,13.07354],[77.51444,13.07536],[77.51429,13.07516],[77.51146,13.07582],[77.51131,13.07558],[77.50941,13.077],[77.50882,13.07785],[77.50839,13.07761],[77.50718,13.07801],[77.5048,13.07648],[77.50411,13.07539],[77.50271,13.07465],[77.50143,13.07284],[77.4995,13.07198],[77.49813,13.07196],[77.49766,13.07196]]]},"properties":{"ward_id":4910,"ward_no":17,"name":"Shettihalli","lgd_code":1303155,"area_km2":6.49,"centroid":[13.0639,77.51423]}},{"type":"Feature","geometry":{"type":"Polygon","coordinates":[[[77.51895,13.05971],[77.51782,13.06033],[77.51411,13.06123],[77.51194,13.05979],[77.51144,13.05996],[77.51119,13.0588],[77.50791,13.05949],[77.51148,13.05369],[77.51432,13.05151],[77.51402,13.05017],[77.51367,13.0502],[77.51337,13.0488],[77.51309,13.04887],[77.51291,13.04816],[77.51447,13.04761],[77.51414,13.04679],[77.51502,13.04654],[77.51539,13.04695],[77.5172,13.04736],[77.51831,13.04864],[77.51865,13.04839],[77.51931,13.04994],[77.51991,13.05275],[77.51859,13.05321],[77.51988,13.05563],[77.51926,13.05692],[77.51978,13.05738],[77.51969,13.0578],[77.52038,13.05919],[77.51973,13.05911],[77.51922,13.0595],[77.51895,13.05971]]]},"properties":{"ward_id":4915,"ward_no":20,"name":"Mallasandra","lgd_code":1303158,"area_km2":1.21,"centroid":[13.05369,77.51597]}},{"type":"Feature","geometry":{"type":"Polygon","coordinates":[[[77.56487,13.03843],[77.56211,13.04198],[77.56106,13.0401],[77.56008,13.03922],[77.55877,13.03868],[77.5573,13.03858],[77.55758,13.03611],[77.55738,13.03468],[77.55998,13.03093],[77.5591,13.02886],[77.56043,13.02835],[77.55974,13.02669],[77.56069,13.02631],[77.55935,13.02298],[77.56114,13.02247],[77.56159,13.02191],[77.56145,13.02117],[77.56281,13.02069],[77.56316,13.02138],[77.5628,13.02389],[77.56188,13.02632],[77.56199,13.02809],[77.56166,13.02866],[77.56228,13.03087],[77.56296,13.03078],[77.563,13.032],[77.56386,13.03191],[77.56426,13.03466],[77.5632,13.03557],[77.56336,13.03637],[77.56391,13.03632],[77.5639,13.03797],[77.56502,13.03822],[77.56487,13.03843]]]},"properties":{"ward_id":4994,"ward_no":59,"name":"Mattikere","lgd_code":1302731,"area_km2":0.9,"centroid":[13.03125,77.5616]}},{"type":"Feature","geometry":{"type":"Polygon","coordinates":[[[77.58009,13.02651],[77.57773,13.02689],[77.57768,13.02726],[77.57125,13.02846],[77.56999,13.032],[77.56856,13.03411],[77.56502,13.03822],[77.5639,13.03797],[77.56391,13.03632],[77.56336,13.03637],[77.5632,13.03557],[77.56426,13.03466],[77.56386,13.03191],[77.563,13.032],[77.56296,13.03078],[77.56228,13.03087],[77.56166,13.02866],[77.56199,13.02809],[77.56188,13.02632],[77.56266,13.0244],[77.56321,13.02158],[77.56256,13.02013],[77.56143,13.01869],[77.56062,13.01708],[77.56895,13.01219],[77.56914,13.0117],[77.56925,13.00545],[77.57361,13.00535],[77.5736,13.00628],[77.57315,13.0063],[77.57302,13.00708],[77.57163,13.00805],[77.57161,13.00844],[77.57334,13.00759],[77.57587,13.00778],[77.57663,13.00754],[77.58367,13.00351],[77.58412,13.00252],[77.58436,12.99783],[77.58655,12.99751],[77.58949,12.9957],[77.58968,12.99533],[77.59395,12.99548],[77.5961,12.99469],[77.59625,12.99497],[77.59566,12.99775],[77.59326,13.00566],[77.5917,13.00842],[77.58812,13.0135],[77.58667,13.0143],[77.58397,13.01451],[77.58397,13.02039],[77.58465,13.02291],[77.58274,13.02455],[77.58128,13.02521],[77.58011,13.02651],[77.58009,13.02651]]]},"properties":{"ward_id":4995,"ward_no":60,"name":"Aramane Nagara","lgd_code":1302732,"area_km2":7.47,"centroid":[13.01696,77.57506]}},{"type":"Feature","geometry":{"type":"Polygon","coordinates":[[[77.56026,13.02531],[77.56069,13.02631],[77.55974,13.02669],[77.56043,13.02835],[77.5591,13.02886],[77.55549,13.01984],[77.55434,13.01982],[77.55389,13.01919],[77.55586,13.01581],[77.5556,13.01566],[77.55847,13.01225],[77.55925,13.01066],[77.56074,13.00584],[77.56925,13.00545],[77.56914,13.0117],[77.56895,13.01219],[77.56062,13.01708],[77.56281,13.02069],[77.56145,13.02117],[77.56159,13.02191],[77.56114,13.02247],[77.55935,13.02298],[77.56013,13.02499],[77.56026,13.02531]]]},"properties":{"ward_id":4998,"ward_no":61,"name":"Malleswaram","lgd_code":1302733,"area_km2":1.81,"centroid":[13.01892,77.56036]}},{"type":"Feature","geometry":{"type":"Polygon","coordinates":[[[77.55519,13.02998],[77.55421,13.03207],[77.55367,13.0323],[77.55352,13.02834],[77.55425,13.0237],[77.5541,13.02274],[77.55155,13.02477],[77.55128,13.0253],[77.55058,13.02507],[77.55389,13.01919],[77.55434,13.01982],[77.55549,13.01984],[77.55909,13.02883],[77.5552,13.02995],[77.55519,13.02998]]]},"properties":{"ward_id":4950,"ward_no":37,"name":"Chanakya","lgd_code":1302709,"area_km2":0.53,"centroid":[13.02585,77.55403]}},{"type":"Feature","geometry":{"type":"Polygon","coordinates":[[[77.5347,13.02601],[77.53722,13.03041],[77.53044,13.03441],[77.52655,13.03547],[77.51844,13.03989],[77.51833,13.03613],[77.51784,13.03388],[77.51788,13.03313],[77.52148,13.02407],[77.52183,13.02361],[77.5235,13.02267],[77.52838,13.02102],[77.52765,13.02111],[77.52729,13.02079],[77.52805,13.01988],[77.52864,13.01962],[77.52831,13.01818],[77.5267,13.01779],[77.52659,13.01817],[77.52554,13.01771],[77.52532,13.01737],[77.5252,13.01557],[77.52625,13.01545],[77.52649,13.01573],[77.52835,13.01544],[77.52868,13.01558],[77.52873,13.01663],[77.53121,13.01642],[77.53269,13.02249],[77.53414,13.025],[77.5347,13.02601]]]},"properties":{"ward_id":4958,"ward_no":41,"name":"Peenya","lgd_code":1302713,"area_km2":2.85,"centroid":[13.02299,77.52675]}},{"type":"Feature","geometry":{"type":"Polygon","coordinates":[[[77.51308,13.03595],[77.51039,13.03645],[77.51044,13.03701],[77.50795,13.037],[77.50822,13.03634],[77.50728,13.03614],[77.50715,13.03664],[77.50672,13.03664],[77.50653,13.03641],[77.50704,13.03519],[77.50628,13.0334],[77.50415,13.03372],[77.50368,13.03158],[77.50067,13.03003],[77.49729,13.02881],[77.49631,13.02825],[77.49512,13.02359],[77.49422,13.02204],[77.49361,13.02162],[77.49356,13.02115],[77.49399,13.02033],[77.49444,13.02017],[77.49459,13.02034],[77.49512,13.01998],[77.49576,13.01823],[77.49756,13.01777],[77.49912,13.01394],[77.49976,13.01353],[77.49968,13.01293],[77.49999,13.01188],[77.49976,13.01157],[77.49973,13.01028],[77.49995,13.00934],[77.50242,13.00954],[77.50202,13.0073],[77.50413,13.0064],[77.50466,13.00804],[77.50557,13.0078],[77.50611,13.00989],[77.50694,13.01095],[77.50853,13.01168],[77.5105,13.01432],[77.51165,13.01656],[77.51313,13.01729],[77.51245,13.0177],[77.51309,13.01874],[77.51466,13.0201],[77.51676,13.0227],[77.51457,13.02643],[77.51539,13.0308],[77.5129,13.03142],[77.51267,13.03343],[77.51284,13.03464],[77.51308,13.03595]]]},"properties":{"ward_id":4922,"ward_no":23,"name":"Nelagadderanahalli","lgd_code":1302695,"area_km2":4.66,"centroid":[13.02253,77.50453]}},{"type":"Feature","geometry":{"type":"Polygon","coordinates":[[[77.53829,13.01353],[77.5387,13.01411],[77.53953,13.01658],[77.53972,13.01908],[77.53523,13.02162],[77.53263,13.02215],[77.53107,13.01588],[77.5304,13.01412],[77.52941,13.01261],[77.52962,13.01244],[77.53035,13.01317],[77.53111,13.01255],[77.53289,13.01211],[77.53338,13.01053],[77.53425,13.00968],[77.53525,13.00914],[77.53617,13.01051],[77.53695,13.01032],[77.53776,13.01074],[77.53793,13.01164],[77.53743,13.01236],[77.53785,13.01293],[77.53829,13.01353]]]},"properties":{"ward_id":4982,"ward_no":53,"name":"Nandini Layout","lgd_code":1302725,"area_km2":0.95,"centroid":[13.01354,77.53481]}},{"type":"Feature","geometry":{"type":"Polygon","coordinates":[[[77.55302,13.01941],[77.55206,13.0213],[77.55105,13.0226],[77.54426,13.02637],[77.53972,13.01908],[77.53948,13.01639],[77.53862,13.01394],[77.53743,13.01236],[77.53794,13.01156],[77.53865,13.01149],[77.53984,13.01248],[77.54143,13.01258],[77.54278,13.01187],[77.5468,13.01303],[77.54671,13.01239],[77.54756,13.01242],[77.54759,13.01222],[77.54842,13.01246],[77.54862,13.01174],[77.54878,13.01197],[77.55101,13.01206],[77.55132,13.01164],[77.55359,13.01271],[77.55407,13.01385],[77.5541,13.01566],[77.55387,13.0159],[77.55339,13.01848],[77.55302,13.01941]]]},"properties":{"ward_id":4975,"ward_no":50,"name":"Marappana Palya","lgd_code":1302722,"area_km2":1.9,"centroid":[13.01474,77.54674]}},{"type":"Feature","geometry":{"type":"Polygon","coordinates":[[[77.56142,13.00407],[77.55886,13.01149],[77.55805,13.01288],[77.5556,13.01566],[77.5542,13.0152],[77.55402,13.01487],[77.55446,13.01241],[77.55449,13.00807],[77.55429,13.00616],[77.55324,13.00188],[77.56058,13.00048],[77.5615,13.00388],[77.56142,13.00407]]]},"properties":{"ward_id":4999,"ward_no":62,"name":"Subramanya Nagar","lgd_code":1302734,"area_km2":0.94,"centroid":[13.00892,77.55673]}},{"type":"Feature","geometry":{"type":"Polygon","coordinates":[[[77.57362,13.00756],[77.57279,13.00774],[77.57161,13.00844],[77.57163,13.00805],[77.57302,13.00708],[77.57315,13.0063],[77.5736,13.00628],[77.57361,13.00535],[77.56074,13.00584],[77.5615,13.00388],[77.56014,12.99895],[77.56414,12.99814],[77.56433,12.99896],[77.56611,12.99661],[77.56679,12.99686],[77.57146,12.99686],[77.5713,13.00332],[77.57217,13.00337],[77.57221,13.00281],[77.57684,13.00276],[77.57684,13.00369],[77.57853,13.00366],[77.57858,13.0057],[77.5788,13.00637],[77.57611,13.00774],[77.57408,13.00756],[77.57362,13.00756]]]},"properties":{"ward_id":5003,"ward_no":64,"name":"Kadu Malleshwara","lgd_code":1302736,"area_km2":1.35,"centroid":[13.00384,77.5713]}},{"type":"Feature","geometry":{"type":"Polygon","coordinates":[[[77.58339,13.00371],[77.5788,13.00637],[77.57858,13.0057],[77.57853,13.00366],[77.57684,13.00369],[77.57684,13.00276],[77.57221,13.00281],[77.57258,13.001],[77.5738,13.00096],[77.57398,12.99891],[77.57691,12.99892],[77.57833,12.99916],[77.57832,12.9975],[77.58084,12.99723],[77.583,12.99925],[77.58419,12.99946],[77.58412,13.00252],[77.58367,13.00351],[77.58339,13.00371]]]},"properties":{"ward_id":5006,"ward_no":65,"name":"Rajamahal Guttahalli","lgd_code":1302737,"area_km2":0.72,"centroid":[13.00151,77.57861]}},{"type":"Feature","geometry":{"type":"Polygon","coordinates":[[[77.62239,12.998],[77.62018,12.99996],[77.61898,12.99877],[77.61794,12.99828],[77.61678,12.99575],[77.6176,12.99509],[77.61936,12.99169],[77.61955,12.98986],[77.61931,12.9872],[77.62255,12.98769],[77.62249,12.98411],[77.62293,12.98174],[77.62634,12.98204],[77.63031,12.98148],[77.63165,12.9817],[77.63256,12.9822],[77.63708,12.98277],[77.64832,12.98701],[77.64851,12.98879],[77.64805,12.98994],[77.64732,12.99066],[77.64656,12.99096],[77.63184,12.9938],[77.62889,12.99419],[77.62915,12.99447],[77.62695,12.99494],[77.62543,12.99555],[77.62316,12.99732],[77.62239,12.998]]]},"properties":{"ward_id":5114,"ward_no":119,"name":"New Bayappanahalli","lgd_code":1302791,"area_km2":3.65,"centroid":[12.99057,77.62865]}},{"type":"Feature","geometry":{"type":"Polygon","coordinates":[[[77.57226,13.00219],[77.57217,13.00337],[77.5713,13.00332],[77.57146,12.99686],[77.56849,12.99676],[77.56964,12.99325],[77.57278,12.99351],[77.57397,12.99384],[77.57417,12.99281],[77.57548,12.99191],[77.58084,12.99723],[77.57832,12.9975],[77.57833,12.99916],[77.57691,12.99892],[77.57398,12.99891],[77.5738,13.00096],[77.57258,13.001],[77.57256,13.00186],[77.57228,13.00186],[77.57226,13.00219]]]},"properties":{"ward_id":5139,"ward_no":132,"name":"Dattatreya Temple","lgd_code":1302804,"area_km2":0.71,"centroid":[12.99817,77.57375]}},{"type":"Feature","geometry":{"type":"Polygon","coordinates":[[[77.56954,12.99347],[77.56849,12.99676],[77.56679,12.99686],[77.5661,12.99661],[77.56833,12.99337],[77.56781,12.99338],[77.56815,12.98244],[77.56632,12.98181],[77.56452,12.98177],[77.56442,12.97937],[77.56488,12.97772],[77.56444,12.97586],[77.5661,12.97438],[77.56691,12.97151],[77.56663,12.97057],[77.56712,12.97019],[77.56707,12.9694],[77.56757,12.96884],[77.56806,12.9688],[77.56831,12.97086],[77.5697,12.9745],[77.5709,12.97465],[77.57109,12.97945],[77.57086,12.98043],[77.57026,12.98119],[77.57271,12.9834],[77.57219,12.98516],[77.57229,12.98798],[77.57157,12.99107],[77.57152,12.9934],[77.56957,12.99337],[77.56954,12.99347]]]},"properties":{"ward_id":5143,"ward_no":134,"name":"Subhash Nagar","lgd_code":1302806,"area_km2":1.32,"centroid":[12.98189,77.56839]}},{"type":"Feature","geometry":{"type":"Polygon","coordinates":[[[77.5562,13.00124],[77.55324,13.00188],[77.5527,12.99936],[77.55308,12.99818],[77.55636,12.9986],[77.56057,12.99718],[77.55985,12.99667],[77.55915,12.99499],[77.56038,12.99458],[77.56012,12.99393],[77.56833,12.99337],[77.56433,12.99896],[77.56414,12.99814],[77.56096,12.99865],[77.56014,12.99895],[77.56054,13.00049],[77.55772,13.00113],[77.55621,13.00124],[77.5562,13.00124]]]},"properties":{"ward_id":5002,"ward_no":63,"name":"Gayithri Nagar","lgd_code":1302735,"area_km2":0.65,"centroid":[12.9982,77.55911]}},{"type":"Feature","geometry":{"type":"Polygon","coordinates":[[[77.50225,13.00858],[77.50242,13.00954],[77.49995,13.00934],[77.49922,13.00857],[77.4984,13.00905],[77.49784,13.00641],[77.49866,13.00643],[77.49844,13.00475],[77.49921,13.00472],[77.49924,13.00502],[77.50014,13.00499],[77.49999,13.00394],[77.50433,13.00318],[77.50456,13.00171],[77.50664,13.00139],[77.50604,12.99889],[77.51037,12.99749],[77.51065,12.99839],[77.51279,12.99795],[77.5133,13.0001],[77.51409,13.00016],[77.51461,13.00058],[77.51519,13.00028],[77.51515,12.99972],[77.51544,12.99934],[77.51618,12.99894],[77.51771,12.99868],[77.51744,12.9985],[77.51744,12.99715],[77.51836,12.99712],[77.51907,12.99742],[77.51887,12.99768],[77.51886,12.99856],[77.51936,12.99878],[77.51913,13.0],[77.51845,13.00003],[77.51796,13.00099],[77.51793,13.00214],[77.51832,13.00282],[77.51774,13.00379],[77.51771,13.00525],[77.51493,13.00528],[77.51498,13.00571],[77.51275,13.00549],[77.51023,13.00574],[77.50548,13.0074],[77.50557,13.0078],[77.50466,13.00804],[77.50413,13.0064],[77.50202,13.0073],[77.50223,13.00848],[77.50225,13.00858]]]},"properties":{"ward_id":4927,"ward_no":26,"name":"Hegganahalli","lgd_code":1302698,"area_km2":1.5,"centroid":[13.00286,77.50993]}},{"type":"Feature","geometry":{"type":"Polygon","coordinates":[[[77.49866,13.00643],[77.49784,13.00641],[77.49757,13.00386],[77.49562,13.00437],[77.49478,13.00222],[77.49447,13.00231],[77.49323,13.00075],[77.49506,13.0005],[77.4954,13.00014],[77.49885,12.99906],[77.49868,12.99876],[77.49995,12.99853],[77.49979,12.998],[77.50148,12.99689],[77.50097,12.99585],[77.50071,12.99588],[77.49952,12.99157],[77.49839,12.99096],[77.49829,12.9905],[77.49694,12.9895],[77.49699,12.98857],[77.49993,12.98892],[77.50382,12.99024],[77.50478,12.99015],[77.50572,12.98967],[77.50474,12.99131],[77.50446,12.99428],[77.50404,12.99499],[77.50408,12.99522],[77.50481,12.99516],[77.50509,12.99548],[77.50664,13.00139],[77.50456,13.00171],[77.50433,13.00318],[77.49999,13.00394],[77.50014,13.00499],[77.49924,13.00502],[77.49921,13.00472],[77.49844,13.00475],[77.49861,13.00603],[77.49866,13.00643]]]},"properties":{"ward_id":4930,"ward_no":27,"name":"Sunkadakatte","lgd_code":1302699,"area_km2":1.24,"centroid":[12.99806,77.50015]}},{"type":"Feature","geometry":{"type":"Polygon","coordinates":[[[77.5263,12.99803],[77.52599,12.99854],[77.52128,12.99747],[77.51304,12.99384],[77.50469,12.99183],[77.5048,12.99118],[77.50582,12.98961],[77.50858,12.98889],[77.50932,12.98813],[77.51096,12.98836],[77.51228,12.9879],[77.51183,12.98645],[77.51074,12.98461],[77.51106,12.98272],[77.51098,12.98053],[77.50999,12.97661],[77.5091,12.97422],[77.51048,12.97357],[77.51279,12.97173],[77.51465,12.97078],[77.51777,12.96976],[77.51833,12.97032],[77.51853,12.97091],[77.51791,12.97189],[77.51817,12.97276],[77.51779,12.97317],[77.51739,12.97312],[77.51734,12.9737],[77.51782,12.97513],[77.5186,12.97551],[77.51844,12.97653],[77.51906,12.9786],[77.51973,12.97959],[77.5194,12.9803],[77.51896,12.98056],[77.51824,12.98247],[77.51932,12.98396],[77.51976,12.98514],[77.51981,12.98626],[77.52035,12.98703],[77.52006,12.98777],[77.52171,12.99214],[77.52239,12.99232],[77.52298,12.9931],[77.52305,12.9941],[77.52363,12.99557],[77.52459,12.99644],[77.52497,12.99773],[77.52524,12.99793],[77.52628,12.99788],[77.5263,12.99803]]]},"properties":{"ward_id":4966,"ward_no":45,"name":"Vijayanagara Krishnadevaraya","lgd_code":1302717,"area_km2":2.95,"centroid":[12.98413,77.51705]}},{"type":"Feature","geometry":{"type":"Polygon","coordinates":[[[77.54114,12.99932],[77.54008,12.99982],[77.53577,13.0008],[77.53163,12.9998],[77.53153,12.99932],[77.53061,12.99924],[77.5304,12.99874],[77.53067,12.99884],[77.53055,12.99803],[77.52967,12.99776],[77.52944,12.99776],[77.52937,12.99806],[77.52901,12.99817],[77.5282,12.99909],[77.52599,12.99854],[77.52628,12.99788],[77.52509,12.99786],[77.52459,12.99644],[77.5238,12.9957],[77.52515,12.99492],[77.52677,12.99442],[77.52732,12.99693],[77.53533,12.99486],[77.53556,12.99562],[77.53983,12.99527],[77.54112,12.99924],[77.54114,12.99932]]]},"properties":{"ward_id":4987,"ward_no":56,"name":"Shankar Matt","lgd_code":1302728,"area_km2":0.75,"centroid":[12.99779,77.53096]}},{"type":"Feature","geometry":{"type":"Polygon","coordinates":[[[77.53983,12.99527],[77.53556,12.99562],[77.53533,12.99486],[77.52732,12.99693],[77.52677,12.99442],[77.52515,12.99492],[77.5238,12.9957],[77.52363,12.99557],[77.52305,12.9941],[77.52298,12.9931],[77.52222,12.99225],[77.52534,12.99092],[77.52567,12.99179],[77.52632,12.99159],[77.52639,12.99212],[77.52694,12.993],[77.53053,12.99225],[77.5316,12.99213],[77.53166,12.99258],[77.53845,12.99158],[77.53959,12.99466],[77.53983,12.99527]]]},"properties":{"ward_id":4990,"ward_no":57,"name":"Shakthi Ganapathi Nagar","lgd_code":1302729,"area_km2":0.68,"centroid":[12.99359,77.52896]}},{"type":"Feature","geometry":{"type":"Polygon","coordinates":[[[77.5316,12.99213],[77.52694,12.993],[77.52639,12.99212],[77.52632,12.99159],[77.52567,12.99179],[77.52534,12.99092],[77.52222,12.99225],[77.52178,12.99218],[77.52103,12.99071],[77.52006,12.98777],[77.52031,12.9869],[77.52233,12.98601],[77.52356,12.98508],[77.52539,12.98547],[77.52594,12.98594],[77.52626,12.98593],[77.52874,12.98383],[77.52911,12.98617],[77.53062,12.98834],[77.53133,12.99],[77.53154,12.99158],[77.5316,12.99213]]]},"properties":{"ward_id":4991,"ward_no":58,"name":"Vrisabhavathi Nagar","lgd_code":1302730,"area_km2":0.79,"centroid":[12.98903,77.52583]}},{"type":"Feature","geometry":{"type":"Polygon","coordinates":[[[77.5402,12.99129],[77.53166,12.99258],[77.53133,12.99],[77.53062,12.98834],[77.52911,12.98617],[77.52874,12.98383],[77.53037,12.98336],[77.53095,12.98241],[77.5314,12.98211],[77.5338,12.98177],[77.53678,12.98065],[77.53724,12.98212],[77.53705,12.98347],[77.53751,12.98791],[77.53975,12.98696],[77.54013,12.98767],[77.53924,12.98814],[77.53946,12.98926],[77.53904,12.98925],[77.53936,12.99094],[77.54021,12.99078],[77.5402,12.99129]]]},"properties":{"ward_id":5166,"ward_no":145,"name":"Kamakshipalya","lgd_code":1302817,"area_km2":0.99,"centroid":[12.98662,77.53543]}},{"type":"Feature","geometry":{"type":"Polygon","coordinates":[[[77.54591,12.99077],[77.54601,12.99161],[77.5457,12.99398],[77.54587,12.9948],[77.54429,12.99538],[77.54431,12.99573],[77.54248,12.9966],[77.54344,12.99813],[77.54116,12.99939],[77.53845,12.99158],[77.5402,12.99129],[77.54021,12.99078],[77.53936,12.99094],[77.53904,12.98925],[77.53946,12.98926],[77.53924,12.98814],[77.54013,12.98767],[77.53975,12.98696],[77.542,12.98584],[77.54517,12.98502],[77.5459,12.99071],[77.54591,12.99077]]]},"properties":{"ward_id":5163,"ward_no":144,"name":"Basaveshwara Nagar","lgd_code":1302816,"area_km2":0.84,"centroid":[12.99161,77.54229]}},{"type":"Feature","geometry":{"type":"Polygon","coordinates":[[[77.55442,12.98992],[77.55064,12.99009],[77.55097,12.99139],[77.55108,12.99346],[77.54782,12.99343],[77.54771,12.99138],[77.54601,12.99152],[77.54517,12.98502],[77.5489,12.98443],[77.54908,12.98442],[77.5491,12.98494],[77.55419,12.98434],[77.55439,12.98946],[77.55442,12.98992]]]},"properties":{"ward_id":5162,"ward_no":143,"name":"Shivanagara","lgd_code":1302815,"area_km2":0.73,"centroid":[12.98875,77.54996]}},{"type":"Feature","geometry":{"type":"Polygon","coordinates":[[[77.55339,12.9975],[77.55306,12.99818],[77.55047,12.9976],[77.54662,12.99742],[77.54506,12.9975],[77.54344,12.99813],[77.54248,12.9966],[77.54431,12.99573],[77.54429,12.99538],[77.54587,12.9948],[77.54571,12.99389],[77.54601,12.99152],[77.54771,12.99138],[77.54782,12.99343],[77.55108,12.99346],[77.55097,12.99139],[77.55064,12.99009],[77.55605,12.98986],[77.55792,12.99101],[77.55352,12.99733],[77.55339,12.9975]]]},"properties":{"ward_id":5158,"ward_no":141,"name":"Rajaji Nagar","lgd_code":1302813,"area_km2":0.83,"centroid":[12.99461,77.54882]}},{"type":"Feature","geometry":{"type":"Polygon","coordinates":[[[77.55853,12.98989],[77.55792,12.99101],[77.5561,12.98987],[77.55442,12.98992],[77.55419,12.98434],[77.5491,12.98494],[77.54902,12.98081],[77.55385,12.98062],[77.55375,12.97984],[77.55527,12.98012],[77.55455,12.97733],[77.55516,12.97703],[77.55545,12.97748],[77.55666,12.97822],[77.55812,12.97883],[77.55894,12.97889],[77.55925,12.97995],[77.56076,12.98046],[77.56118,12.98176],[77.56173,12.98192],[77.56158,12.98266],[77.5607,12.98291],[77.56025,12.98338],[77.56006,12.98689],[77.55917,12.98884],[77.55853,12.98989]]]},"properties":{"ward_id":5159,"ward_no":142,"name":"Sriramamandir","lgd_code":1302814,"area_km2":1.05,"centroid":[12.98272,77.55703]}},{"type":"Feature","geometry":{"type":"Polygon","coordinates":[[[77.56013,12.99268],[77.56008,12.99376],[77.56038,12.99458],[77.55915,12.99499],[77.55985,12.99667],[77.56057,12.99718],[77.55636,12.9986],[77.55306,12.99818],[77.55791,12.99102],[77.55982,12.98777],[77.56006,12.98689],[77.56025,12.98338],[77.56047,12.98309],[77.56158,12.98266],[77.56078,12.98669],[77.56186,12.98728],[77.56116,12.98871],[77.56101,12.98977],[77.56163,12.99022],[77.56019,12.99249],[77.56013,12.99268]]]},"properties":{"ward_id":5155,"ward_no":140,"name":"Prakash Nagar","lgd_code":1302812,"area_km2":0.55,"centroid":[12.99083,77.55981]}},{"type":"Feature","geometry":{"type":"Polygon","coordinates":[[[77.56012,12.99398],[77.56019,12.99249],[77.56163,12.99022],[77.56102,12.98987],[77.56116,12.98871],[77.56145,12.98828],[77.56396,12.98818],[77.56399,12.98836],[77.5651,12.9883],[77.56511,12.98854],[77.56793,12.9884],[77.56781,12.99338],[77.56012,12.99393],[77.56012,12.99398]]]},"properties":{"ward_id":5154,"ward_no":139,"name":"Dayananda Nagar","lgd_code":1302811,"area_km2":0.45,"centroid":[12.9902,77.56305]}},{"type":"Feature","geometry":{"type":"Polygon","coordinates":[[[77.56793,12.9884],[77.56511,12.98854],[77.5651,12.9883],[77.56399,12.98836],[77.56396,12.98818],[77.56145,12.98828],[77.56185,12.9872],[77.56078,12.98669],[77.56173,12.98192],[77.56118,12.98176],[77.56076,12.98046],[77.55925,12.97995],[77.56045,12.97739],[77.56029,12.97666],[77.56181,12.9766],[77.56169,12.97566],[77.56446,12.97587],[77.56488,12.97772],[77.56442,12.97937],[77.56452,12.98177],[77.56632,12.98181],[77.56815,12.98244],[77.56794,12.98811],[77.56793,12.9884]]]},"properties":{"ward_id":5146,"ward_no":135,"name":"Okalipuram","lgd_code":1302807,"area_km2":0.82,"centroid":[12.98267,77.56339]}},{"type":"Feature","geometry":{"type":"Polygon","coordinates":[[[77.57523,12.99204],[77.57417,12.99281],[77.57397,12.99384],[77.57152,12.9934],[77.57157,12.99107],[77.57229,12.98798],[77.57219,12.98516],[77.57271,12.9834],[77.57026,12.98119],[77.57086,12.98043],[77.57109,12.97945],[77.5709,12.97465],[77.56975,12.97457],[77.56917,12.97318],[77.5696,12.97299],[77.57173,12.97294],[77.57236,12.97253],[77.5726,12.97298],[77.57451,12.97234],[77.57485,12.97307],[77.57679,12.97189],[77.57828,12.97429],[77.58106,12.973],[77.58445,12.97793],[77.5811,12.9801],[77.57725,12.98067],[77.57671,12.98134],[77.57658,12.98207],[77.57695,12.98316],[77.57759,12.98366],[77.57479,12.98414],[77.5761,12.9853],[77.5799,12.99099],[77.57757,12.99174],[77.57795,12.99209],[77.57711,12.99366],[77.57548,12.99191],[77.57523,12.99204]]]},"properties":{"ward_id":5142,"ward_no":133,"name":"Gandhinagar","lgd_code":1302805,"area_km2":1.92,"centroid":[12.98211,77.57478]}},{"type":"Feature","geometry":{"type":"Polygon","coordinates":[[[77.61404,12.99052],[77.61116,12.99175],[77.60882,12.99346],[77.6074,12.99348],[77.60716,12.99032],[77.60536,12.99015],[77.60615,12.98853],[77.60611,12.98678],[77.60718,12.98676],[77.60695,12.98536],[77.60896,12.98484],[77.60916,12.98573],[77.60979,12.98569],[77.61057,12.98488],[77.61191,12.98768],[77.61223,12.98756],[77.61236,12.98791],[77.6128,12.98778],[77.6127,12.98747],[77.61524,12.98564],[77.6173,12.98862],[77.615,12.98993],[77.61404,12.99052]]]},"properties":{"ward_id":5135,"ward_no":130,"name":"Bharathi Nagar","lgd_code":1302802,"area_km2":0.66,"centroid":[12.98822,77.61038]}},{"type":"Feature","geometry":{"type":"Polygon","coordinates":[[[77.61931,12.9872],[77.61823,12.98778],[77.6173,12.98862],[77.61461,12.98466],[77.61277,12.98271],[77.61242,12.9831],[77.611,12.9836],[77.61011,12.98093],[77.61543,12.97894],[77.61385,12.97373],[77.61932,12.97248],[77.6199,12.97274],[77.62163,12.97283],[77.62457,12.9746],[77.62664,12.97619],[77.62732,12.97746],[77.6285,12.97813],[77.62629,12.97867],[77.62644,12.97941],[77.62569,12.97948],[77.62588,12.98026],[77.6255,12.98032],[77.62557,12.98077],[77.62431,12.9809],[77.62456,12.98189],[77.62293,12.98174],[77.62249,12.98411],[77.62255,12.98769],[77.62002,12.98727],[77.61931,12.9872]]]},"properties":{"ward_id":5138,"ward_no":131,"name":"Ulsoor","lgd_code":1302803,"area_km2":1.86,"centroid":[12.98063,77.62087]}},{"type":"Feature","geometry":{"type":"Polygon","coordinates":[[[77.64602,12.98154],[77.64512,12.98575],[77.63652,12.98262],[77.63256,12.9822],[77.63165,12.9817],[77.63031,12.98148],[77.62667,12.98203],[77.62456,12.98189],[77.62431,12.9809],[77.62557,12.98077],[77.6255,12.98032],[77.62588,12.98026],[77.62569,12.97948],[77.62644,12.97941],[77.62629,12.97867],[77.62815,12.97831],[77.63179,12.97637],[77.63273,12.97504],[77.63302,12.97377],[77.63353,12.97474],[77.6334,12.9759],[77.63558,12.97536],[77.63569,12.97598],[77.64095,12.9761],[77.6409,12.97714],[77.64672,12.97738],[77.64609,12.9812],[77.64602,12.98154]]]},"properties":{"ward_id":5115,"ward_no":120,"name":"Hoysala Nagar","lgd_code":1302792,"area_km2":1.55,"centroid":[12.97912,77.63302]}},{"type":"Feature","geometry":{"type":"Polygon","coordinates":[[[77.66104,12.96242],[77.66017,12.9625],[77.66022,12.96278],[77.65934,12.96296],[77.65941,12.96326],[77.6567,12.96302],[77.65575,12.96136],[77.65534,12.95936],[77.65435,12.9594],[77.65256,12.95252],[77.65873,12.95294],[77.66098,12.95287],[77.66099,12.95433],[77.66237,12.95424],[77.6624,12.95478],[77.66178,12.95495],[77.66182,12.95539],[77.66085,12.95542],[77.66091,12.95567],[77.66337,12.95572],[77.66303,12.95683],[77.66358,12.95889],[77.66114,12.95924],[77.65967,12.95906],[77.65979,12.96022],[77.66016,12.96087],[77.65977,12.96102],[77.65997,12.96169],[77.66082,12.96161],[77.66097,12.96221],[77.66104,12.96242]]]},"properties":{"ward_id":5126,"ward_no":125,"name":"Konena Agrahara","lgd_code":1302797,"area_km2":0.89,"centroid":[12.95858,77.65993]}},{"type":"Feature","geometry":{"type":"Polygon","coordinates":[[[77.58036,12.97332],[77.57828,12.97429],[77.57679,12.97189],[77.57485,12.97307],[77.57451,12.97234],[77.5726,12.97298],[77.57236,12.97253],[77.57173,12.97294],[77.57032,12.97296],[77.57024,12.97009],[77.57207,12.96981],[77.57806,12.96674],[77.57868,12.96798],[77.58129,12.96651],[77.58298,12.97012],[77.58279,12.97032],[77.58287,12.97184],[77.58106,12.973],[77.58036,12.97332]]]},"properties":{"ward_id":5151,"ward_no":138,"name":"Chickpete","lgd_code":1302810,"area_km2":0.7,"centroid":[12.97126,77.57677]}},{"type":"Feature","geometry":{"type":"Polygon","coordinates":[[[77.56444,12.97586],[77.56276,12.97563],[77.56265,12.9723],[77.56154,12.97233],[77.56152,12.97211],[77.56118,12.97225],[77.56089,12.97206],[77.56075,12.96966],[77.56033,12.96838],[77.56121,12.96757],[77.56203,12.96719],[77.56297,12.96725],[77.56409,12.96828],[77.5652,12.96775],[77.56549,12.96673],[77.56626,12.96674],[77.56643,12.96715],[77.56775,12.96697],[77.56774,12.96719],[77.56794,12.96718],[77.56787,12.96821],[77.56807,12.9682],[77.57033,12.96795],[77.57386,12.96639],[77.5749,12.96837],[77.57185,12.9699],[77.57024,12.97009],[77.57032,12.97296],[77.56917,12.97318],[77.56817,12.97036],[77.56806,12.9688],[77.56741,12.9689],[77.56707,12.9694],[77.56712,12.97019],[77.56663,12.97057],[77.56691,12.97151],[77.5661,12.97438],[77.56487,12.97552],[77.56444,12.97586]]]},"properties":{"ward_id":5150,"ward_no":137,"name":"Cottonpete","lgd_code":1302809,"area_km2":0.75,"centroid":[12.96988,77.56611]}},{"type":"Feature","geometry":{"type":"Polygon","coordinates":[[[77.55984,12.97885],[77.55925,12.97995],[77.55894,12.97889],[77.55735,12.97852],[77.55545,12.97748],[77.55449,12.97557],[77.55871,12.97574],[77.5579,12.97374],[77.55798,12.97302],[77.55711,12.96938],[77.55558,12.96918],[77.55485,12.96724],[77.55587,12.96719],[77.55672,12.96669],[77.55691,12.96603],[77.55831,12.9653],[77.55884,12.96476],[77.55974,12.96656],[77.55992,12.96651],[77.56063,12.96599],[77.56111,12.96494],[77.56183,12.9647],[77.56426,12.96824],[77.56329,12.9674],[77.56222,12.96716],[77.56121,12.96757],[77.56033,12.96838],[77.56075,12.96966],[77.56089,12.97206],[77.56118,12.97225],[77.56152,12.97211],[77.56154,12.97233],[77.56265,12.9723],[77.56276,12.97563],[77.56169,12.97566],[77.56181,12.9766],[77.56029,12.97666],[77.56045,12.97739],[77.5599,12.97871],[77.55984,12.97885]]]},"properties":{"ward_id":5147,"ward_no":136,"name":"Binnipete","lgd_code":1302808,"area_km2":0.77,"centroid":[12.97144,77.55959]}},{"type":"Feature","geometry":{"type":"Polygon","coordinates":[[[77.48309,12.93271],[77.48347,12.93156],[77.48289,12.93126],[77.48323,12.93069],[77.48232,12.92896],[77.48192,12.92891],[77.48099,12.92741],[77.48026,12.92764],[77.4791,12.92716],[77.47973,12.9264],[77.47904,12.92512],[77.47949,12.9249],[77.47909,12.92384],[77.48099,12.92312],[77.48133,12.92387],[77.48118,12.92404],[77.48239,12.9236],[77.47965,12.91617],[77.48226,12.91368],[77.48168,12.91141],[77.48113,12.91085],[77.48011,12.91057],[77.48023,12.90972],[77.48208,12.91043],[77.48434,12.91047],[77.48518,12.91287],[77.48769,12.91551],[77.48979,12.91679],[77.49151,12.9192],[77.49279,12.92032],[77.49356,12.92149],[77.49589,12.92287],[77.49704,12.92323],[77.49921,12.92524],[77.49888,12.92609],[77.49626,12.92461],[77.48825,12.92123],[77.48842,12.92258],[77.4892,12.92349],[77.48944,12.92516],[77.4905,12.92809],[77.49076,12.93048],[77.49137,12.932],[77.49136,12.93345],[77.49229,12.93576],[77.49057,12.9367],[77.48899,12.93706],[77.48801,12.93448],[77.48814,12.93431],[77.48781,12.9333],[77.48382,12.93433],[77.48347,12.9329],[77.48313,12.93275],[77.48309,12.93271]]]},"properties":{"ward_id":4942,"ward_no":33,"name":"Kengeri","lgd_code":1302705,"area_km2":2.56,"centroid":[12.92473,77.48614]}},{"type":"Feature","geometry":{"type":"Polygon","coordinates":[[[77.57378,12.94368],[77.56784,12.9436],[77.56785,12.9428],[77.56685,12.94153],[77.56667,12.9407],[77.56665,12.93935],[77.56741,12.93938],[77.56747,12.93814],[77.56452,12.93806],[77.56454,12.93761],[77.56415,12.93674],[77.56382,12.93657],[77.56267,12.93344],[77.5627,12.93311],[77.56401,12.93237],[77.56369,12.9305],[77.56668,12.92995],[77.56815,12.93374],[77.5692,12.93357],[77.56928,12.93385],[77.57151,12.93337],[77.57167,12.93496],[77.57382,12.93478],[77.57377,12.9433],[77.57378,12.94368]]]},"properties":{"ward_id":6926,"ward_no":210,"name":"Basavanagudi","lgd_code":null,"area_km2":1.11,"centroid":[12.93688,77.56745]}},{"type":"Feature","geometry":{"type":"Polygon","coordinates":[[[77.55343,12.95082],[77.55277,12.95056],[77.55628,12.946],[77.55622,12.94537],[77.55571,12.94538],[77.5557,12.94429],[77.55521,12.94423],[77.55538,12.94278],[77.55456,12.9426],[77.55469,12.94182],[77.55609,12.94175],[77.55583,12.93959],[77.55557,12.93962],[77.55541,12.93838],[77.55501,12.93842],[77.55434,12.93596],[77.5537,12.93623],[77.55357,12.93595],[77.55566,12.93499],[77.55572,12.93516],[77.55682,12.93507],[77.55694,12.9359],[77.55787,12.93575],[77.55793,12.93607],[77.55982,12.93576],[77.56009,12.94],[77.5598,12.94003],[77.55981,12.94036],[77.55949,12.94038],[77.55956,12.94158],[77.56019,12.94158],[77.5596,12.94202],[77.55995,12.94465],[77.55845,12.94452],[77.55885,12.94829],[77.55626,12.94878],[77.55653,12.95016],[77.55635,12.95025],[77.55499,12.95056],[77.5548,12.94979],[77.55425,12.95054],[77.55353,12.9508],[77.55343,12.95082]]]},"properties":{"ward_id":6927,"ward_no":212,"name":"Srinivasa Nagar","lgd_code":null,"area_km2":0.72,"centroid":[12.94245,77.55649]}},{"type":"Feature","geometry":{"type":"Polygon","coordinates":[[[77.55083,12.95209],[77.5495,12.95228],[77.54931,12.95133],[77.55003,12.95091],[77.55007,12.95033],[77.54962,12.948],[77.55069,12.94784],[77.5508,12.9484],[77.5521,12.94834],[77.552,12.94645],[77.55246,12.94644],[77.55236,12.9446],[77.55165,12.94468],[77.55154,12.94204],[77.55109,12.94207],[77.55062,12.93994],[77.55106,12.93984],[77.55077,12.93876],[77.54926,12.93747],[77.54765,12.93553],[77.54816,12.9352],[77.54855,12.93572],[77.54963,12.93511],[77.55034,12.93416],[77.5508,12.93457],[77.55073,12.93484],[77.55125,12.93462],[77.55184,12.93567],[77.5523,12.93542],[77.55279,12.936],[77.55341,12.93571],[77.5537,12.93623],[77.55434,12.93596],[77.55501,12.93842],[77.55541,12.93838],[77.55557,12.93962],[77.55583,12.93959],[77.55609,12.94175],[77.55469,12.94182],[77.55456,12.9426],[77.55538,12.94278],[77.55521,12.94423],[77.5557,12.94429],[77.55571,12.94538],[77.55622,12.94537],[77.55628,12.946],[77.55158,12.95207],[77.5509,12.95206],[77.55083,12.95209]]]},"properties":{"ward_id":6928,"ward_no":213,"name":"Srinagar","lgd_code":null,"area_km2":0.84,"centroid":[12.9421,77.5522]}},{"type":"Feature","geometry":{"type":"Polygon","coordinates":[[[77.55138,12.94837],[77.5508,12.9484],[77.55069,12.94784],[77.54962,12.948],[77.54955,12.9478],[77.54982,12.94773],[77.54945,12.94505],[77.54979,12.94349],[77.55029,12.94283],[77.55,12.94215],[77.54757,12.94249],[77.54495,12.94318],[77.53865,12.94352],[77.53892,12.93982],[77.53933,12.93793],[77.54058,12.93761],[77.53925,12.93366],[77.54344,12.93053],[77.54926,12.93747],[77.55077,12.93876],[77.55106,12.93984],[77.55062,12.93994],[77.55109,12.94207],[77.55154,12.94204],[77.55165,12.94468],[77.55236,12.9446],[77.55246,12.94644],[77.552,12.94645],[77.5521,12.94834],[77.55139,12.94837],[77.55138,12.94837]]]},"properties":{"ward_id":6929,"ward_no":214,"name":"Girinagar","lgd_code":null,"area_km2":1.41,"centroid":[12.94298,77.54835]}},{"type":"Feature","geometry":{"type":"Polygon","coordinates":[[[77.47768,12.92641],[77.47589,12.9267],[77.47339,12.92664],[77.47008,12.91519],[77.4665,12.91015],[77.46667,12.90688],[77.46372,12.90648],[77.46008,12.90663],[77.45988,12.90469],[77.46018,12.90024],[77.46071,12.90003],[77.46068,12.8985],[77.46154,12.89872],[77.4621,12.89757],[77.46891,12.90196],[77.47129,12.90527],[77.47394,12.90697],[77.47547,12.90729],[77.4777,12.90868],[77.47813,12.90743],[77.47926,12.90672],[77.479,12.90584],[77.48128,12.90595],[77.48254,12.90534],[77.48283,12.90494],[77.4826,12.90347],[77.48341,12.90315],[77.48464,12.90422],[77.48658,12.90477],[77.48692,12.90522],[77.48708,12.90622],[77.48634,12.90667],[77.48493,12.90682],[77.48453,12.90709],[77.48461,12.90823],[77.4851,12.90855],[77.48709,12.90895],[77.48732,12.90832],[77.4879,12.90788],[77.48956,12.90747],[77.49125,12.90743],[77.49176,12.9079],[77.49236,12.90975],[77.49498,12.9087],[77.49722,12.90818],[77.4991,12.90711],[77.50053,12.91274],[77.50055,12.91509],[77.49987,12.91792],[77.50201,12.91925],[77.50407,12.91993],[77.50468,12.92215],[77.50519,12.92301],[77.50666,12.92211],[77.50782,12.9219],[77.50689,12.92061],[77.50809,12.91935],[77.50929,12.91966],[77.50898,12.92],[77.51076,12.9198],[77.511,12.92011],[77.51172,12.91984],[77.51144,12.92368],[77.51043,12.92385],[77.51043,12.92465],[77.5052,12.92539],[77.50407,12.92713],[77.5028,12.92813],[77.50003,12.926],[77.4973,12.92341],[77.49589,12.92287],[77.49356,12.92149],[77.49279,12.92032],[77.49151,12.9192],[77.48979,12.91679],[77.48769,12.91551],[77.48518,12.91287],[77.48434,12.91047],[77.48208,12.91043],[77.48023,12.90972],[77.48011,12.91057],[77.48113,12.91085],[77.48168,12.91141],[77.48226,12.91368],[77.47965,12.91617],[77.48239,12.9236],[77.48118,12.92404],[77.48133,12.92387],[77.48099,12.92312],[77.47909,12.92384],[77.47949,12.9249],[77.47904,12.92512],[77.4796,12.92592],[77.47823,12.92629],[77.47768,12.92641]],[[77.50896,12.9331],[77.51089,12.93248],[77.51093,12.92891],[77.50851,12.92914],[77.50756,12.92902],[77.5054,12.92971],[77.50646,12.93126],[77.50883,12.93296],[77.50896,12.9331]]]},"properties":{"ward_id":4943,"ward_no":34,"name":"Bande Mutt","lgd_code":1302706,"area_km2":6.59,"centroid":[12.91379,77.48695]}},{"type":"Feature","geometry":{"type":"Polygon","coordinates":[[[77.67109,12.88488],[77.67233,12.88465],[77.6738,12.89291],[77.66543,12.89423],[77.66022,12.89479],[77.65592,12.89387],[77.65422,12.89448],[77.65261,12.8947],[77.65023,12.89323],[77.64897,12.891],[77.64459,12.89167],[77.64387,12.89137],[77.64348,12.88788],[77.64426,12.88782],[77.64489,12.88662],[77.64841,12.8837],[77.65015,12.88266],[77.65226,12.88186],[77.65297,12.88112],[77.65469,12.88043],[77.65493,12.88038],[77.65565,12.8831],[77.6565,12.88494],[77.66053,12.88418],[77.66249,12.88447],[77.66593,12.88422],[77.66818,12.88359],[77.66782,12.88558],[77.67066,12.88497],[77.67109,12.88488]]]},"properties":{"ward_id":6930,"ward_no":243,"name":"Kudlu","lgd_code":null,"area_km2":3.33,"centroid":[12.88722,77.6568]}},{"type":"Feature","geometry":{"type":"Polygon","coordinates":[[[77.72833,13.01054],[77.72619,13.0102],[77.7197,13.01009],[77.71896,13.00613],[77.71829,13.00455],[77.71585,13.00444],[77.71355,13.00464],[77.71031,13.00428],[77.70713,13.00431],[77.70587,12.99931],[77.70874,12.99869],[77.70872,12.99774],[77.70784,12.99696],[77.70807,12.99679],[77.70779,12.99652],[77.70545,12.99606],[77.70498,12.99466],[77.70498,12.99301],[77.71051,12.99279],[77.71184,12.99253],[77.71104,12.98991],[77.71298,12.98968],[77.70925,12.9874],[77.70845,12.98576],[77.70833,12.98395],[77.70862,12.98371],[77.71099,12.98418],[77.71236,12.98391],[77.71224,12.98085],[77.71388,12.98074],[77.71461,12.98126],[77.71398,12.97781],[77.72723,12.97642],[77.72755,12.98057],[77.72799,12.9822],[77.72856,12.9833],[77.73027,12.98551],[77.73195,12.9864],[77.73186,12.98812],[77.7337,12.98787],[77.7328,12.99323],[77.73148,12.99544],[77.73137,12.99658],[77.73818,12.99785],[77.73823,12.99974],[77.73835,13.00003],[77.73882,13.00019],[77.73899,13.00321],[77.73953,13.00432],[77.73914,13.00668],[77.73862,13.00666],[77.73857,13.00765],[77.7366,13.00788],[77.73615,13.00761],[77.73623,13.01076],[77.73559,13.01091],[77.73396,13.01019],[77.73244,13.0108],[77.72852,13.01057],[77.72833,13.01054]]]},"properties":{"ward_id":5087,"ward_no":106,"name":"Hudi","lgd_code":1302778,"area_km2":8.97,"centroid":[12.99617,77.72208]}},{"type":"Feature","geometry":{"type":"Polygon","coordinates":[[[77.6488,12.94613],[77.64777,12.94717],[77.64653,12.94787],[77.64525,12.94964],[77.6445,12.95172],[77.64425,12.95333],[77.64251,12.95396],[77.64077,12.95329],[77.63974,12.95153],[77.64061,12.95046],[77.64207,12.94943],[77.64507,12.94668],[77.64745,12.94497],[77.64755,12.94447],[77.64733,12.94429],[77.64916,12.94293],[77.6544,12.94025],[77.65743,12.94011],[77.65806,12.93985],[77.65814,12.9379],[77.65891,12.93792],[77.65891,12.9383],[77.66043,12.93827],[77.66056,12.93803],[77.65934,12.93755],[77.65716,12.93605],[77.65502,12.93497],[77.65912,12.92942],[77.66108,12.92983],[77.66182,12.92896],[77.66302,12.92833],[77.66376,12.92804],[77.66459,12.92805],[77.66512,12.92835],[77.66585,12.93035],[77.6664,12.93101],[77.66804,12.93124],[77.66769,12.92879],[77.66846,12.92871],[77.66893,12.92621],[77.66877,12.92332],[77.6682,12.92324],[77.66786,12.92184],[77.68469,12.92986],[77.68726,12.93195],[77.69457,12.93867],[77.69733,12.94299],[77.69786,12.94467],[77.69681,12.94508],[77.69476,12.94534],[77.69544,12.94599],[77.6955,12.94662],[77.69465,12.94665],[77.69468,12.94791],[77.6937,12.94794],[77.69185,12.94858],[77.6908,12.94936],[77.68909,12.94964],[77.68867,12.94929],[77.68751,12.94902],[77.68005,12.94821],[77.6782,12.94821],[77.67523,12.94866],[77.67298,12.9481],[77.67295,12.9479],[77.6709,12.94785],[77.67088,12.94712],[77.66923,12.94708],[77.66831,12.94689],[77.66839,12.94651],[77.66655,12.94637],[77.66656,12.94609],[77.66475,12.94587],[77.66416,12.94444],[77.66254,12.94449],[77.66249,12.94665],[77.65996,12.94756],[77.65577,12.94736],[77.65465,12.94769],[77.64937,12.9474],[77.64902,12.94601],[77.6488,12.94613]]]},"properties":{"ward_id":5106,"ward_no":115,"name":"Bellanduru","lgd_code":1302787,"area_km2":9.48,"centroid":[12.94184,77.66623]}},{"type":"Feature","geometry":{"type":"Polygon","coordinates":[[[77.70069,12.95694],[77.69875,12.95705],[77.68753,12.95506],[77.68939,12.95304],[77.68946,12.95065],[77.68909,12.94964],[77.6908,12.94936],[77.69185,12.94858],[77.6937,12.94794],[77.69468,12.94791],[77.69465,12.94665],[77.6955,12.94662],[77.69544,12.94599],[77.69476,12.94534],[77.69681,12.94508],[77.69786,12.94467],[77.69733,12.94299],[77.69503,12.93919],[77.68882,12.93334],[77.68456,12.9298],[77.6846,12.92789],[77.68558,12.92712],[77.68574,12.92542],[77.68881,12.92497],[77.68888,12.92398],[77.68953,12.92489],[77.68988,12.9265],[77.69196,12.92609],[77.69491,12.92439],[77.69464,12.92912],[77.69506,12.93142],[77.69633,12.93209],[77.69953,12.93152],[77.69996,12.93119],[77.70116,12.93133],[77.70101,12.93266],[77.70049,12.93263],[77.70113,12.93657],[77.70037,12.93675],[77.70061,12.93775],[77.70204,12.93726],[77.7037,12.94098],[77.70435,12.94066],[77.70475,12.94144],[77.70594,12.94059],[77.70569,12.94009],[77.7062,12.93992],[77.70643,12.94024],[77.70683,12.93996],[77.70491,12.95664],[77.70099,12.95692],[77.70069,12.95694]]]},"properties":{"ward_id":5103,"ward_no":114,"name":"Marathahalli","lgd_code":1302786,"area_km2":4.27,"centroid":[12.93931,77.69625]}},{"type":"Feature","geometry":{"type":"Polygon","coordinates":[[[77.70587,12.99931],[77.70424,12.99953],[77.70405,12.99832],[77.70301,12.99703],[77.70276,12.99634],[77.70261,12.99581],[77.70283,12.99569],[77.70277,12.99519],[77.70225,12.9938],[77.69801,12.99502],[77.69497,12.9956],[77.69067,12.99726],[77.68851,12.99205],[77.69089,12.99156],[77.69349,12.99042],[77.69556,12.99028],[77.69585,12.98392],[77.69554,12.98208],[77.69759,12.98167],[77.70007,12.98075],[77.70085,12.98232],[77.70157,12.98206],[77.7007,12.98284],[77.70091,12.98379],[77.69979,12.98457],[77.70245,12.98477],[77.70419,12.98712],[77.706,12.98712],[77.70603,12.98814],[77.70729,12.98795],[77.70828,12.98486],[77.70845,12.98576],[77.70925,12.9874],[77.71298,12.98968],[77.71104,12.98991],[77.71184,12.99253],[77.71051,12.99279],[77.70498,12.99301],[77.70498,12.99466],[77.70545,12.99606],[77.70779,12.99652],[77.70807,12.99679],[77.70784,12.99696],[77.70872,12.99774],[77.70874,12.99869],[77.70636,12.99923],[77.70587,12.99931]]]},"properties":{"ward_id":5090,"ward_no":107,"name":"Garudachar Playa","lgd_code":1302779,"area_km2":2.32,"centroid":[12.99119,77.70297]}},{"type":"Feature","geometry":{"type":"Polygon","coordinates":[[[77.66326,12.98542],[77.66148,12.98574],[77.66138,12.98455],[77.66102,12.98414],[77.66016,12.98406],[77.65869,12.98319],[77.65836,12.98139],[77.653,12.97937],[77.65312,12.97925],[77.65272,12.97905],[77.65543,12.9762],[77.65426,12.97571],[77.65449,12.97547],[77.65355,12.9751],[77.65336,12.97216],[77.65095,12.97251],[77.64906,12.97238],[77.64696,12.97316],[77.64776,12.96887],[77.65846,12.96719],[77.65795,12.96817],[77.65727,12.96824],[77.65775,12.97078],[77.65873,12.97125],[77.65864,12.97145],[77.66152,12.97162],[77.66157,12.97198],[77.66306,12.97154],[77.66533,12.97184],[77.66553,12.97158],[77.66616,12.97145],[77.66657,12.97245],[77.66697,12.97262],[77.66666,12.97301],[77.66691,12.9743],[77.66661,12.97443],[77.66652,12.97533],[77.66763,12.97558],[77.66921,12.97526],[77.67025,12.97792],[77.66972,12.97809],[77.66995,12.97948],[77.67101,12.97932],[77.67075,12.97987],[77.67031,12.97985],[77.66993,12.98034],[77.66894,12.98055],[77.66912,12.98206],[77.66907,12.98228],[77.66856,12.98222],[77.66846,12.98387],[77.66866,12.98414],[77.66819,12.98563],[77.66711,12.98505],[77.66393,12.98553],[77.66376,12.98537],[77.66326,12.98542]]]},"properties":{"ward_id":5119,"ward_no":122,"name":"New Thippasandra","lgd_code":1302794,"area_km2":2.62,"centroid":[12.97713,77.66225]}},{"type":"Feature","geometry":{"type":"Polygon","coordinates":[[[77.67492,12.98637],[77.67293,12.98637],[77.67171,12.98588],[77.66948,12.98612],[77.66819,12.98563],[77.66866,12.98414],[77.66846,12.98387],[77.66856,12.98222],[77.66907,12.98228],[77.66912,12.98206],[77.66894,12.98055],[77.66993,12.98034],[77.67101,12.97947],[77.67101,12.97932],[77.66995,12.97948],[77.66972,12.97809],[77.67025,12.97792],[77.66921,12.97526],[77.67448,12.97349],[77.67812,12.97271],[77.6793,12.97616],[77.67951,12.97905],[77.68044,12.98275],[77.67984,12.98357],[77.67859,12.98408],[77.67579,12.98582],[77.67492,12.98637]]]},"properties":{"ward_id":5122,"ward_no":123,"name":"Jalakanteshwara Nagara","lgd_code":1302795,"area_km2":1.46,"centroid":[12.98127,77.67258]}},{"type":"Feature","geometry":{"type":"Polygon","coordinates":[[[77.55446,13.01114],[77.55446,13.01241],[77.55407,13.01388],[77.55359,13.01271],[77.55065,13.01131],[77.54947,13.01003],[77.54724,13.01058],[77.54675,13.00801],[77.54312,13.00863],[77.54296,13.0077],[77.54338,13.00763],[77.54248,13.00548],[77.54362,13.00351],[77.54069,13.00215],[77.54116,12.99939],[77.54246,12.99857],[77.54481,12.99757],[77.54662,12.99742],[77.55047,12.9976],[77.55308,12.99818],[77.5527,12.99936],[77.55429,13.00616],[77.55446,13.00997],[77.55446,13.01114]]]},"properties":{"ward_id":4978,"ward_no":51,"name":"Nagapura","lgd_code":1302723,"area_km2":1.72,"centroid":[13.00563,77.54813]}},{"type":"Feature","geometry":{"type":"Polygon","coordinates":[[[77.53128,13.01249],[77.53035,13.01317],[77.52962,13.01244],[77.52941,13.01261],[77.52764,13.01068],[77.52797,13.00976],[77.5288,13.00895],[77.5303,13.00881],[77.53046,13.00808],[77.5301,13.00757],[77.52991,13.00575],[77.53137,13.00549],[77.53307,13.00645],[77.53336,13.00631],[77.5326,13.00527],[77.53592,13.00258],[77.53611,13.00278],[77.53578,13.00375],[77.53651,13.00331],[77.53771,13.00452],[77.53798,13.00421],[77.5389,13.00586],[77.53786,13.0067],[77.5375,13.00647],[77.5371,13.00667],[77.53613,13.00753],[77.53566,13.00705],[77.53461,13.00775],[77.53525,13.00914],[77.53425,13.00968],[77.53338,13.01053],[77.53289,13.01211],[77.53204,13.01225],[77.53128,13.01249]]]},"properties":{"ward_id":4983,"ward_no":54,"name":"Jai Maruthinagara","lgd_code":1302726,"area_km2":0.59,"centroid":[13.00778,77.53339]}},{"type":"Feature","geometry":{"type":"Polygon","coordinates":[[[77.53609,13.00283],[77.53592,13.00258],[77.5326,13.00527],[77.53339,13.00628],[77.53317,13.00641],[77.53137,13.00549],[77.5299,13.00575],[77.5296,13.00515],[77.52961,13.00427],[77.52898,13.00342],[77.52918,13.00228],[77.52783,13.00136],[77.52781,12.99941],[77.52961,12.99775],[77.53055,12.99803],[77.53067,12.99884],[77.5304,12.99874],[77.53061,12.99924],[77.53153,12.99932],[77.53163,12.9998],[77.53577,13.0008],[77.54008,12.99982],[77.54114,12.99932],[77.54113,13.00046],[77.54069,13.00217],[77.54079,13.0032],[77.54037,13.00327],[77.54043,13.00371],[77.53924,13.00395],[77.53889,13.00304],[77.53808,13.00341],[77.53765,13.00284],[77.53578,13.00375],[77.53606,13.00292],[77.53609,13.00283]]]},"properties":{"ward_id":4986,"ward_no":55,"name":"Puneet Rajkumar","lgd_code":1302727,"area_km2":0.66,"centroid":[13.0022,77.53431]}},{"type":"Feature","geometry":{"type":"Polygon","coordinates":[[[77.58413,12.97064],[77.58445,12.97036],[77.58436,12.9687],[77.58529,12.96773],[77.58744,12.96681],[77.58662,12.96577],[77.58674,12.96551],[77.58957,12.96302],[77.5903,12.96269],[77.59351,12.96218],[77.59483,12.96234],[77.59626,12.96361],[77.59692,12.96485],[77.59611,12.965],[77.59516,12.96628],[77.59395,12.97202],[77.59505,12.97344],[77.59932,12.97667],[77.59751,12.98054],[77.59776,12.98075],[77.5993,12.98028],[77.61439,12.9753],[77.61543,12.97894],[77.61011,12.98093],[77.61102,12.98362],[77.61242,12.9831],[77.61277,12.98271],[77.61399,12.9839],[77.61524,12.98564],[77.6127,12.98747],[77.6128,12.98778],[77.61236,12.98791],[77.61223,12.98756],[77.61191,12.98768],[77.61057,12.98488],[77.60979,12.98569],[77.60916,12.98573],[77.60896,12.98484],[77.60695,12.98536],[77.60666,12.98373],[77.60339,12.98414],[77.60175,12.98466],[77.5981,12.984],[77.59727,12.98428],[77.59591,12.98317],[77.59053,12.9775],[77.58727,12.97586],[77.58447,12.97795],[77.58109,12.97307],[77.58267,12.97203],[77.58378,12.97095],[77.58413,12.97064]]]},"properties":{"ward_id":5134,"ward_no":129,"name":"Sampangiram Nagar","lgd_code":1302801,"area_km2":3.54,"centroid":[12.97685,77.59922]}},{"type":"Feature","geometry":{"type":"Polygon","coordinates":[[[77.65272,12.97905],[77.65056,12.98159],[77.64842,12.98519],[77.64805,12.98677],[77.64512,12.98575],[77.64672,12.97738],[77.6409,12.97714],[77.64163,12.96337],[77.64363,12.96318],[77.64392,12.96433],[77.64732,12.96356],[77.64741,12.96397],[77.64807,12.96393],[77.64921,12.96323],[77.64943,12.96432],[77.64931,12.96532],[77.65032,12.96743],[77.65159,12.96714],[77.65195,12.96808],[77.64776,12.96887],[77.64696,12.97316],[77.64906,12.97238],[77.65095,12.97251],[77.65336,12.97216],[77.65355,12.9751],[77.65449,12.97547],[77.65426,12.97571],[77.65543,12.9762],[77.65423,12.97747],[77.65272,12.97905]]]},"properties":{"ward_id":5118,"ward_no":121,"name":"Old Thippasandra","lgd_code":1302793,"area_km2":2.07,"centroid":[12.97206,77.64918]}},{"type":"Feature","geometry":{"type":"Polygon","coordinates":[[[77.65846,12.96719],[77.65195,12.96808],[77.65159,12.96714],[77.65032,12.96743],[77.64931,12.96532],[77.64943,12.96432],[77.64921,12.96323],[77.64807,12.96393],[77.64741,12.96397],[77.64732,12.96356],[77.64392,12.96433],[77.64363,12.96318],[77.64163,12.96337],[77.64167,12.96057],[77.64241,12.96052],[77.64306,12.95835],[77.64375,12.95791],[77.64331,12.95789],[77.64374,12.95637],[77.64333,12.95466],[77.64129,12.9547],[77.64077,12.95329],[77.64251,12.95396],[77.64425,12.95333],[77.6445,12.95172],[77.6454,12.9494],[77.64653,12.94787],[77.64777,12.94717],[77.64902,12.94601],[77.64937,12.9474],[77.64905,12.9479],[77.64925,12.94907],[77.65054,12.95064],[77.6523,12.95184],[77.65435,12.9594],[77.65534,12.95936],[77.65575,12.96136],[77.65659,12.9629],[77.65941,12.96326],[77.65934,12.96296],[77.66022,12.96278],[77.66017,12.9625],[77.66104,12.96242],[77.66097,12.96221],[77.66145,12.96214],[77.66179,12.96427],[77.66109,12.96415],[77.6608,12.96485],[77.66053,12.9649],[77.66107,12.96545],[77.66156,12.96553],[77.66196,12.96631],[77.66164,12.9668],[77.65899,12.96711],[77.65846,12.96719]]]},"properties":{"ward_id":5123,"ward_no":124,"name":"Jeevanbhima Nagar","lgd_code":1302796,"area_km2":2.47,"centroid":[12.95975,77.65148]}},{"type":"Feature","geometry":{"type":"Polygon","coordinates":[[[77.53641,13.04906],[77.53357,13.0535],[77.53297,13.05483],[77.53142,13.05452],[77.53053,13.05315],[77.52881,13.05187],[77.52684,13.05114],[77.52388,13.04907],[77.52261,13.04655],[77.51844,13.03989],[77.52655,13.03547],[77.53044,13.03441],[77.54008,13.02882],[77.54075,13.0325],[77.54154,13.03195],[77.54246,13.03258],[77.54297,13.0335],[77.54414,13.03183],[77.54545,13.03061],[77.54475,13.02959],[77.55018,13.02579],[77.54769,13.03148],[77.54484,13.03698],[77.54295,13.03929],[77.54488,13.04102],[77.54722,13.04168],[77.54749,13.04336],[77.54834,13.04331],[77.54837,13.04361],[77.5488,13.0436],[77.54897,13.04445],[77.54829,13.04465],[77.54829,13.04529],[77.5493,13.0458],[77.55015,13.04885],[77.54278,13.04922],[77.54297,13.05077],[77.54183,13.05069],[77.53641,13.04905],[77.53641,13.04906]]]},"properties":{"ward_id":4955,"ward_no":40,"name":"Veeramadakari","lgd_code":1302712,"area_km2":5.51,"centroid":[13.04215,77.54011]}},{"type":"Feature","geometry":{"type":"Polygon","coordinates":[[[77.68479,12.97118],[77.68422,12.97122],[77.68419,12.97169],[77.68178,12.97203],[77.68184,12.97068],[77.68255,12.96923],[77.68264,12.96701],[77.68303,12.96604],[77.68213,12.96411],[77.68039,12.96432],[77.67858,12.9651],[77.67741,12.96462],[77.67546,12.96482],[77.67332,12.96461],[77.67163,12.96426],[77.67153,12.96341],[77.67075,12.9634],[77.67084,12.96274],[77.67029,12.96275],[77.67031,12.96315],[77.66946,12.96321],[77.6695,12.96348],[77.66858,12.96355],[77.66852,12.9659],[77.66694,12.96627],[77.66656,12.96524],[77.66558,12.96596],[77.66558,12.96812],[77.66539,12.96815],[77.66605,12.97146],[77.66533,12.97184],[77.66306,12.97154],[77.66157,12.97198],[77.66152,12.97162],[77.65864,12.97145],[77.65873,12.97125],[77.65775,12.97078],[77.65727,12.96824],[77.65795,12.96817],[77.65846,12.96719],[77.66164,12.9668],[77.66196,12.96631],[77.66156,12.96553],[77.66107,12.96545],[77.661,12.96518],[77.66055,12.96496],[77.66109,12.96415],[77.66179,12.96427],[77.66171,12.9629],[77.66145,12.96214],[77.66095,12.96221],[77.66082,12.96161],[77.65997,12.96169],[77.65977,12.96102],[77.66016,12.96087],[77.65979,12.96022],[77.65967,12.95906],[77.66114,12.95924],[77.66358,12.95889],[77.66303,12.95683],[77.66337,12.95572],[77.66091,12.95567],[77.66085,12.95542],[77.66182,12.95539],[77.66178,12.95495],[77.6624,12.95478],[77.66237,12.95424],[77.66099,12.95433],[77.66098,12.95287],[77.65873,12.95294],[77.65252,12.95252],[77.6523,12.95184],[77.65088,12.95093],[77.64954,12.94948],[77.64919,12.9489],[77.64906,12.94782],[77.64948,12.94733],[77.65465,12.94769],[77.65577,12.94736],[77.65996,12.94756],[77.66249,12.94665],[77.66261,12.94444],[77.66424,12.94449],[77.66475,12.94587],[77.66656,12.94609],[77.66655,12.94637],[77.66839,12.94651],[77.66831,12.94689],[77.66923,12.94708],[77.67088,12.94712],[77.6709,12.94785],[77.67295,12.9479],[77.67298,12.9481],[77.67523,12.94866],[77.6782,12.94821],[77.68005,12.94821],[77.68751,12.94902],[77.68867,12.94929],[77.68912,12.94967],[77.68946,12.95065],[77.68939,12.95304],[77.68753,12.95506],[77.68963,12.95542],[77.68924,12.96],[77.68957,12.96173],[77.68935,12.96217],[77.68887,12.96232],[77.68841,12.96701],[77.68779,12.96728],[77.6878,12.96907],[77.68635,12.96973],[77.68646,12.97021],[77.68609,12.9703],[77.68636,12.97122],[77.68501,12.97116],[77.68479,12.97118]]]},"properties":{"ward_id":5062,"ward_no":93,"name":"HAL Airport","lgd_code":1302765,"area_km2":7.28,"centroid":[12.95994,77.66937]}},{"type":"Feature","geometry":{"type":"Polygon","coordinates":[[[77.52727,13.02136],[77.52679,13.02152],[77.52199,13.01824],[77.52219,13.01585],[77.52303,13.01293],[77.5214,13.01247],[77.52123,13.01264],[77.52035,13.01247],[77.51965,13.00976],[77.52197,13.00926],[77.52214,13.01079],[77.5243,13.01052],[77.5272,13.00981],[77.52768,13.01076],[77.52953,13.01276],[77.5304,13.01412],[77.53121,13.01642],[77.52873,13.01663],[77.52868,13.01558],[77.52835,13.01544],[77.52649,13.01573],[77.52625,13.01545],[77.5252,13.01557],[77.52532,13.01737],[77.52554,13.01771],[77.52659,13.01817],[77.5267,13.01779],[77.52831,13.01818],[77.52864,13.01962],[77.52805,13.01988],[77.52729,13.02079],[77.52765,13.02111],[77.52838,13.02098],[77.52809,13.0211],[77.52727,13.02136]]]},"properties":{"ward_id":4959,"ward_no":42,"name":"Lakshmi Devi Nagar","lgd_code":1302714,"area_km2":0.8,"centroid":[13.01585,77.52596]}},{"type":"Feature","geometry":{"type":"Polygon","coordinates":[[[77.46845,12.9867],[77.4698,12.9863],[77.47226,12.98485],[77.47328,12.98366],[77.47379,12.98222],[77.47484,12.97567],[77.47509,12.97294],[77.47501,12.97011],[77.47327,12.9671],[77.47348,12.96699],[77.47228,12.96367],[77.47291,12.96359],[77.47528,12.96039],[77.47351,12.95711],[77.472,12.95504],[77.47164,12.95377],[77.47155,12.95224],[77.47251,12.95181],[77.47251,12.9516],[77.47214,12.95087],[77.47112,12.95073],[77.47106,12.94959],[77.47552,12.94912],[77.47628,12.94882],[77.47507,12.94547],[77.47474,12.94342],[77.47325,12.94033],[77.47474,12.93991],[77.4764,12.93863],[77.47627,12.93831],[77.47836,12.93756],[77.47884,12.93751],[77.47939,12.93923],[77.47951,12.94036],[77.47778,12.94825],[77.47864,12.94809],[77.47913,12.95067],[77.47956,12.95055],[77.47979,12.95161],[77.48147,12.95234],[77.48146,12.95278],[77.48117,12.95282],[77.48118,12.9546],[77.47994,12.9544],[77.47832,12.9546],[77.47935,12.95897],[77.47853,12.96229],[77.47854,12.96358],[77.4791,12.96412],[77.48127,12.96345],[77.48152,12.96192],[77.48249,12.96032],[77.48333,12.95979],[77.48371,12.96037],[77.48571,12.95955],[77.48653,12.96148],[77.48813,12.96079],[77.4882,12.9611],[77.49219,12.96075],[77.49244,12.96128],[77.49256,12.96278],[77.49325,12.96281],[77.49518,12.9622],[77.4961,12.96412],[77.4968,12.96439],[77.49693,12.96493],[77.49645,12.96512],[77.49631,12.96558],[77.49699,12.96728],[77.49678,12.96771],[77.49851,12.96957],[77.49801,12.96978],[77.49839,12.97014],[77.49816,12.97022],[77.49668,12.9701],[77.49546,12.97034],[77.49553,12.97091],[77.4952,12.97136],[77.49465,12.9715],[77.49445,12.97327],[77.49532,12.97602],[77.49399,12.97624],[77.49364,12.97698],[77.49365,12.97813],[77.49296,12.97804],[77.49299,12.97869],[77.49024,12.97843],[77.48864,12.9774],[77.4881,12.97665],[77.48811,12.97622],[77.48751,12.97635],[77.48751,12.97748],[77.48694,12.97861],[77.48724,12.98027],[77.48511,12.98114],[77.48106,12.98209],[77.48154,12.98505],[77.482,12.98512],[77.47803,12.98614],[77.47922,12.98909],[77.47812,12.99009],[77.47812,12.99036],[77.47761,12.99059],[77.47691,12.99044],[77.47525,12.99111],[77.47444,12.99189],[77.47461,12.99208],[77.4734,12.99251],[77.47333,12.99345],[77.47277,12.9937],[77.47279,12.99454],[77.4724,12.99512],[77.47176,12.99546],[77.47125,12.9946],[77.47133,12.99386],[77.47036,12.99065],[77.46845,12.98671],[77.46845,12.9867]]]},"properties":{"ward_id":4938,"ward_no":31,"name":"Doddagollarahatti","lgd_code":1302703,"area_km2":7.36,"centroid":[12.96788,77.48192]}},{"type":"Feature","geometry":{"type":"Polygon","coordinates":[[[77.47908,12.93748],[77.48424,12.93692],[77.48382,12.93433],[77.48781,12.9333],[77.48814,12.93431],[77.48801,12.93448],[77.48899,12.93706],[77.49057,12.9367],[77.49229,12.93576],[77.49136,12.93345],[77.49137,12.932],[77.49076,12.93048],[77.4905,12.92809],[77.48944,12.92516],[77.4892,12.92349],[77.48842,12.92258],[77.48825,12.92123],[77.49626,12.92461],[77.49888,12.92609],[77.4986,12.92831],[77.49863,12.93091],[77.49914,12.9308],[77.50008,12.93537],[77.49914,12.93571],[77.49968,12.93803],[77.49719,12.94],[77.49776,12.94132],[77.49948,12.94379],[77.49965,12.94456],[77.49916,12.94474],[77.49955,12.94646],[77.49656,12.94706],[77.49673,12.94729],[77.49338,12.94766],[77.49072,12.94759],[77.4906,12.94735],[77.48861,12.94906],[77.48891,12.94948],[77.48857,12.9495],[77.48608,12.95121],[77.48494,12.95143],[77.48513,12.9527],[77.48564,12.95347],[77.48562,12.95496],[77.48451,12.95545],[77.48441,12.95691],[77.48481,12.95719],[77.48467,12.95753],[77.48544,12.95856],[77.48571,12.95955],[77.48371,12.96037],[77.48333,12.95979],[77.4829,12.95999],[77.48172,12.96143],[77.48127,12.96345],[77.4791,12.96412],[77.47854,12.96358],[77.47845,12.96319],[77.47935,12.95897],[77.47832,12.9546],[77.47994,12.9544],[77.48118,12.9546],[77.48117,12.95282],[77.48146,12.95278],[77.48147,12.95234],[77.47979,12.95161],[77.47956,12.95055],[77.47913,12.95067],[77.47864,12.94809],[77.47778,12.94825],[77.47954,12.94021],[77.47884,12.93751],[77.47908,12.93748]]]},"properties":{"ward_id":4939,"ward_no":32,"name":"Ullal","lgd_code":1302704,"area_km2":5.14,"centroid":[12.94507,77.4878]}},{"type":"Feature","geometry":{"type":"Polygon","coordinates":[[[77.51414,13.04679],[77.51447,13.04761],[77.51151,13.04874],[77.51043,13.04884],[77.5087,13.04946],[77.50878,13.05034],[77.50774,13.05052],[77.50763,13.04921],[77.50801,13.04714],[77.5073,13.04533],[77.50555,13.04588],[77.50506,13.04331],[77.50629,13.0427],[77.50669,13.04158],[77.50721,13.04095],[77.50808,13.04083],[77.50992,13.04123],[77.51001,13.0423],[77.51061,13.04247],[77.51066,13.04299],[77.5103,13.04302],[77.51052,13.04396],[77.51628,13.04179],[77.51844,13.03989],[77.5222,13.04591],[77.51831,13.04864],[77.5172,13.04736],[77.51539,13.04695],[77.51502,13.04654],[77.51414,13.04679]]]},"properties":{"ward_id":4918,"ward_no":21,"name":"T Dasarahalli","lgd_code":1303159,"area_km2":1.1,"centroid":[13.04525,77.51112]}},{"type":"Feature","geometry":{"type":"Polygon","coordinates":[[[77.50246,13.0441],[77.50176,13.04438],[77.50079,13.04393],[77.49928,13.04424],[77.49795,13.04382],[77.49803,13.04223],[77.49629,13.04181],[77.49623,13.03922],[77.49686,13.03799],[77.49738,13.03793],[77.49753,13.03725],[77.49805,13.03716],[77.49794,13.03652],[77.49826,13.03646],[77.49816,13.03608],[77.49834,13.03606],[77.49823,13.0353],[77.4993,13.035],[77.49819,13.03266],[77.49728,13.03179],[77.49631,13.02825],[77.49729,13.02881],[77.50067,13.03003],[77.50368,13.03158],[77.50415,13.03372],[77.50628,13.0334],[77.50704,13.03519],[77.50653,13.03641],[77.50672,13.03664],[77.50715,13.03664],[77.50728,13.03614],[77.50822,13.03634],[77.50795,13.037],[77.51044,13.03701],[77.51039,13.03645],[77.5151,13.03549],[77.51496,13.03673],[77.51832,13.03601],[77.51844,13.03989],[77.51628,13.04179],[77.51052,13.04396],[77.5103,13.04302],[77.51066,13.04299],[77.51061,13.04247],[77.51001,13.0423],[77.50992,13.04123],[77.50786,13.04083],[77.50712,13.041],[77.50622,13.04275],[77.50347,13.04401],[77.50267,13.044],[77.50246,13.0441]]]},"properties":{"ward_id":4919,"ward_no":22,"name":"Chokkasandra","lgd_code":1303160,"area_km2":2.19,"centroid":[13.03816,77.50433]}},{"type":"Feature","geometry":{"type":"Polygon","coordinates":[[[77.5153,13.03658],[77.51496,13.03673],[77.5151,13.03549],[77.51309,13.036],[77.51272,13.03295],[77.5129,13.03142],[77.51539,13.0308],[77.51457,13.02643],[77.51676,13.0227],[77.51466,13.0201],[77.51309,13.01874],[77.51245,13.0177],[77.51313,13.01729],[77.51165,13.01656],[77.51037,13.01414],[77.51115,13.0136],[77.51091,13.01318],[77.51192,13.0126],[77.51253,13.01254],[77.51282,13.01307],[77.51314,13.01296],[77.51367,13.01371],[77.51359,13.01479],[77.5138,13.01507],[77.51448,13.01525],[77.51421,13.01606],[77.51497,13.01598],[77.51506,13.01629],[77.51546,13.01623],[77.51553,13.0165],[77.51748,13.01616],[77.51887,13.01551],[77.51874,13.01466],[77.51963,13.01468],[77.51991,13.01256],[77.52123,13.01264],[77.5214,13.01247],[77.523,13.01289],[77.52219,13.01585],[77.52199,13.01824],[77.52679,13.02152],[77.5235,13.02267],[77.52165,13.0238],[77.51788,13.03313],[77.51784,13.03388],[77.51832,13.03601],[77.51552,13.03657],[77.5153,13.03658]]]},"properties":{"ward_id":4923,"ward_no":24,"name":"Rajagopal Nagar","lgd_code":1302696,"area_km2":1.86,"centroid":[13.02053,77.51607]}},{"type":"Feature","geometry":{"type":"Polygon","coordinates":[[[77.51708,13.01623],[77.51553,13.0165],[77.51546,13.01623],[77.51506,13.01629],[77.51497,13.01598],[77.51421,13.01606],[77.51448,13.01525],[77.5138,13.01507],[77.51359,13.01479],[77.51367,13.01371],[77.51314,13.01296],[77.51282,13.01307],[77.51253,13.01254],[77.51192,13.0126],[77.51091,13.01318],[77.51115,13.0136],[77.51037,13.01414],[77.50853,13.01168],[77.50694,13.01095],[77.50611,13.00989],[77.50548,13.0074],[77.51023,13.00574],[77.51275,13.00549],[77.51498,13.00571],[77.51493,13.00528],[77.51771,13.00525],[77.5177,13.00612],[77.51733,13.00654],[77.51751,13.00714],[77.5173,13.00822],[77.51817,13.00892],[77.51914,13.01051],[77.51855,13.01267],[77.51991,13.01256],[77.51963,13.01468],[77.51874,13.01466],[77.51887,13.01551],[77.51719,13.01621],[77.51708,13.01623]]]},"properties":{"ward_id":4926,"ward_no":25,"name":"Rajeshwari Nagar","lgd_code":1302697,"area_km2":1.21,"centroid":[13.01182,77.51443]}},{"type":"Feature","geometry":{"type":"Polygon","coordinates":[[[77.51974,13.01262],[77.51855,13.01267],[77.51914,13.01051],[77.51817,13.00892],[77.51731,13.00826],[77.51741,13.00635],[77.5191,13.00605],[77.51919,13.00639],[77.52067,13.00629],[77.52059,13.00568],[77.52163,13.00562],[77.52132,13.00304],[77.52367,13.00243],[77.5235,13.00164],[77.52403,13.00169],[77.52627,13.00071],[77.52613,13.00043],[77.52783,12.99968],[77.52786,13.00143],[77.52877,13.00188],[77.52922,13.0024],[77.52898,13.00342],[77.52961,13.00427],[77.5301,13.00757],[77.53046,13.00808],[77.5303,13.00881],[77.52874,13.00897],[77.52797,13.00976],[77.52769,13.01065],[77.5272,13.00981],[77.5243,13.01052],[77.52214,13.01079],[77.52197,13.00926],[77.51965,13.00976],[77.52032,13.01187],[77.52035,13.01247],[77.51987,13.01257],[77.51974,13.01262]]]},"properties":{"ward_id":4962,"ward_no":43,"name":"Ranadheera Kanteerava","lgd_code":1302715,"area_km2":1.04,"centroid":[13.00685,77.52378]}},{"type":"Feature","geometry":{"type":"Polygon","coordinates":[[[77.5203,13.00632],[77.51919,13.00639],[77.5191,13.00605],[77.51757,13.00621],[77.51774,13.00379],[77.51832,13.00282],[77.51793,13.00214],[77.51796,13.00099],[77.51845,13.00003],[77.51913,13.0],[77.51937,12.99886],[77.51886,12.99856],[77.51887,12.99768],[77.51907,12.99742],[77.51836,12.99712],[77.51744,12.99715],[77.51744,12.9985],[77.51771,12.99868],[77.51618,12.99894],[77.51544,12.99934],[77.51515,12.99972],[77.51519,13.00028],[77.51479,13.00058],[77.51409,13.00016],[77.5133,13.0001],[77.51279,12.99795],[77.51065,12.99839],[77.51037,12.99749],[77.50604,12.99889],[77.505,12.9953],[77.50408,12.99522],[77.50408,12.99465],[77.50446,12.99428],[77.50469,12.99183],[77.51304,12.99384],[77.52128,12.99747],[77.5282,12.99909],[77.52781,12.99941],[77.52783,12.99968],[77.52613,13.00043],[77.52627,13.00071],[77.52403,13.00169],[77.5235,13.00164],[77.52367,13.00243],[77.52132,13.00304],[77.52163,13.00562],[77.52059,13.00568],[77.52067,13.00629],[77.5203,13.00632]]]},"properties":{"ward_id":4963,"ward_no":44,"name":"Veera Sindhura Lakshamana","lgd_code":1302716,"area_km2":1.38,"centroid":[12.99998,77.51719]}},{"type":"Feature","geometry":{"type":"Polygon","coordinates":[[[77.50572,12.98967],[77.50478,12.99015],[77.50382,12.99024],[77.49993,12.98892],[77.49755,12.98871],[77.49588,12.98645],[77.49563,12.9853],[77.49394,12.98164],[77.4932,12.97925],[77.49399,12.97624],[77.49532,12.97602],[77.49445,12.97327],[77.49465,12.9715],[77.4952,12.97136],[77.49553,12.97091],[77.49546,12.97034],[77.49668,12.9701],[77.49816,12.97022],[77.50133,12.96957],[77.50248,12.96876],[77.50236,12.96861],[77.50358,12.96806],[77.50343,12.96767],[77.50423,12.96729],[77.50407,12.96701],[77.50506,12.96654],[77.50683,12.97069],[77.50868,12.97347],[77.50962,12.97545],[77.51098,12.98053],[77.51106,12.98272],[77.51074,12.98461],[77.51183,12.98645],[77.51228,12.9879],[77.51096,12.98836],[77.50932,12.98813],[77.50858,12.98889],[77.50573,12.98967],[77.50572,12.98967]]]},"properties":{"ward_id":4967,"ward_no":46,"name":"Sir M. Vishweshwaraiah","lgd_code":1302718,"area_km2":3.64,"centroid":[12.97818,77.50245]}},{"type":"Feature","geometry":{"type":"Polygon","coordinates":[[[77.50144,12.96941],[77.49839,12.97014],[77.49801,12.96978],[77.49851,12.96957],[77.49678,12.96771],[77.49699,12.96728],[77.49632,12.96571],[77.4964,12.9652],[77.49688,12.96504],[77.49693,12.96465],[77.49597,12.96394],[77.49518,12.9622],[77.49325,12.96281],[77.49256,12.96278],[77.49244,12.96128],[77.49219,12.96075],[77.4882,12.9611],[77.48813,12.96079],[77.48653,12.96148],[77.4864,12.96083],[77.48551,12.95923],[77.48544,12.95856],[77.48469,12.95758],[77.48481,12.95719],[77.48441,12.95691],[77.48451,12.95545],[77.48562,12.95496],[77.48564,12.95347],[77.48513,12.9527],[77.48494,12.95143],[77.48608,12.95121],[77.48857,12.9495],[77.48891,12.94948],[77.48861,12.94906],[77.4906,12.94735],[77.49072,12.94759],[77.49338,12.94766],[77.49673,12.94729],[77.49656,12.94706],[77.49853,12.94682],[77.49955,12.94646],[77.49916,12.94474],[77.50031,12.94431],[77.50074,12.94666],[77.49856,12.94733],[77.49896,12.94941],[77.49925,12.95042],[77.50024,12.95131],[77.50018,12.952],[77.50125,12.9537],[77.50087,12.95394],[77.50272,12.95654],[77.50435,12.96043],[77.50508,12.96356],[77.50482,12.96548],[77.50506,12.96654],[77.50407,12.96701],[77.50423,12.96729],[77.50343,12.96767],[77.50358,12.96806],[77.50236,12.96861],[77.50248,12.96876],[77.50184,12.96925],[77.50144,12.96941]]]},"properties":{"ward_id":4970,"ward_no":47,"name":"Nalvadi Krishnaraja Wadior Park","lgd_code":1302719,"area_km2":3.39,"centroid":[12.95813,77.49524]}},{"type":"Feature","geometry":{"type":"Polygon","coordinates":[[[77.54376,13.03236],[77.54297,13.0335],[77.54246,13.03258],[77.54154,13.03195],[77.54075,13.0325],[77.54008,13.02882],[77.53722,13.03041],[77.53263,13.02215],[77.53523,13.02162],[77.53981,13.01904],[77.54426,13.02637],[77.55152,13.02216],[77.55339,13.01848],[77.55387,13.0159],[77.5541,13.01566],[77.55402,13.01487],[77.5542,13.0152],[77.55586,13.01581],[77.55058,13.02507],[77.55128,13.0253],[77.55155,13.02477],[77.5541,13.02274],[77.55425,13.0237],[77.55353,13.02859],[77.55116,13.02855],[77.55115,13.03006],[77.55047,13.02898],[77.55003,13.02907],[77.55025,13.03072],[77.55008,13.03073],[77.55002,13.03187],[77.54784,13.03115],[77.55018,13.02579],[77.54475,13.02959],[77.54545,13.03061],[77.54414,13.03183],[77.54376,13.03236]]]},"properties":{"ward_id":4947,"ward_no":36,"name":"Chatrapati Shivaji","lgd_code":1302708,"area_km2":1.72,"centroid":[13.02607,77.54774]}},{"type":"Feature","geometry":{"type":"Polygon","coordinates":[[[77.51271,12.9718],[77.51048,12.97357],[77.5091,12.97422],[77.50683,12.97069],[77.50489,12.96601],[77.50504,12.96312],[77.50435,12.96043],[77.50272,12.95654],[77.50087,12.95394],[77.50125,12.9537],[77.50018,12.952],[77.50024,12.95131],[77.49925,12.95042],[77.49896,12.94941],[77.49856,12.94733],[77.50074,12.94666],[77.50046,12.94511],[77.50031,12.94431],[77.49965,12.94456],[77.49948,12.94379],[77.49776,12.94132],[77.49719,12.94],[77.49968,12.93803],[77.49914,12.93571],[77.50008,12.93537],[77.49914,12.9308],[77.49863,12.93091],[77.49867,12.92738],[77.49921,12.92524],[77.50252,12.92778],[77.50357,12.92903],[77.50553,12.92979],[77.50646,12.93126],[77.50896,12.9331],[77.51089,12.93248],[77.51095,12.92865],[77.51425,12.92844],[77.51445,12.92645],[77.51639,12.92589],[77.51803,12.92471],[77.51835,12.92258],[77.52062,12.92236],[77.5221,12.92144],[77.52302,12.92523],[77.52511,12.92553],[77.52535,12.92652],[77.52458,12.92762],[77.52593,12.92792],[77.52629,12.9284],[77.52715,12.92832],[77.52697,12.92903],[77.52727,12.92949],[77.52957,12.92979],[77.53047,12.92925],[77.53123,12.92779],[77.53169,12.92805],[77.53349,12.92824],[77.53488,12.92932],[77.53417,12.93069],[77.53415,12.93301],[77.53382,12.93325],[77.5331,12.93509],[77.53365,12.93506],[77.5343,12.93647],[77.53042,12.94336],[77.52951,12.94463],[77.52891,12.94496],[77.52789,12.94519],[77.52654,12.94389],[77.52432,12.94056],[77.5232,12.93929],[77.52035,12.93699],[77.51842,12.93639],[77.5167,12.93634],[77.51383,12.93579],[77.51276,12.93741],[77.51279,12.93836],[77.51388,12.93874],[77.5146,12.93969],[77.51467,12.9402],[77.51445,12.94058],[77.51469,12.94212],[77.51562,12.94217],[77.51604,12.94388],[77.5169,12.94414],[77.51701,12.94449],[77.51501,12.94683],[77.51272,12.94791],[77.51274,12.94858],[77.51106,12.95004],[77.51113,12.95108],[77.51146,12.9517],[77.51122,12.95365],[77.51219,12.95466],[77.51172,12.95561],[77.51205,12.95655],[77.51179,12.9571],[77.512,12.95854],[77.51162,12.95871],[77.51156,12.959],[77.51176,12.95937],[77.51201,12.95933],[77.51326,12.95814],[77.51373,12.95821],[77.51448,12.95771],[77.51498,12.95931],[77.51577,12.96018],[77.51606,12.9618],[77.51739,12.96175],[77.51776,12.96196],[77.51748,12.9638],[77.51802,12.96422],[77.51847,12.96534],[77.51752,12.96595],[77.51739,12.96629],[77.51815,12.96747],[77.51748,12.96828],[77.51744,12.96931],[77.51777,12.96976],[77.51465,12.97078],[77.51279,12.97173],[77.51271,12.9718]]]},"properties":{"ward_id":4971,"ward_no":48,"name":"Jnana Bharathi","lgd_code":1302720,"area_km2":9.92,"centroid":[12.94481,77.51464]}},{"type":"Feature","geometry":{"type":"Polygon","coordinates":[[[77.52992,12.92962],[77.52937,12.92986],[77.52882,12.9296],[77.52727,12.92949],[77.52697,12.92903],[77.52715,12.92832],[77.52629,12.9284],[77.52593,12.92792],[77.52458,12.92762],[77.52535,12.92652],[77.52511,12.92553],[77.52302,12.92523],[77.5221,12.92144],[77.52062,12.92236],[77.51835,12.92258],[77.51803,12.92471],[77.51639,12.92589],[77.51445,12.92645],[77.51425,12.92844],[77.51095,12.92865],[77.51093,12.92891],[77.50984,12.92891],[77.50984,12.92908],[77.50756,12.92902],[77.50541,12.92972],[77.50357,12.92903],[77.5028,12.92813],[77.50407,12.92713],[77.5052,12.92539],[77.51043,12.92465],[77.51043,12.92385],[77.51144,12.92368],[77.51171,12.92203],[77.51154,12.92073],[77.51182,12.92032],[77.51149,12.91928],[77.51162,12.91815],[77.51256,12.91625],[77.51227,12.91594],[77.51197,12.91366],[77.5128,12.91094],[77.51249,12.91081],[77.51232,12.91011],[77.51105,12.9085],[77.51116,12.90804],[77.51043,12.90724],[77.51157,12.90609],[77.51179,12.90557],[77.51118,12.90443],[77.51107,12.90373],[77.51134,12.90276],[77.511,12.90251],[77.51161,12.90214],[77.51405,12.90209],[77.5142,12.90192],[77.51422,12.90156],[77.51335,12.9011],[77.51263,12.90025],[77.51366,12.89904],[77.51374,12.89861],[77.51347,12.89813],[77.51417,12.89724],[77.51453,12.89556],[77.5145,12.89528],[77.5141,12.89507],[77.51439,12.89422],[77.51402,12.8929],[77.51498,12.89302],[77.51527,12.89292],[77.51532,12.8925],[77.51576,12.89241],[77.51563,12.89328],[77.51589,12.89382],[77.51659,12.89371],[77.51723,12.89318],[77.5185,12.89339],[77.51887,12.89292],[77.51982,12.89306],[77.5209,12.89361],[77.52104,12.89469],[77.5208,12.8961],[77.52045,12.89678],[77.52089,12.89756],[77.52128,12.89786],[77.52239,12.89737],[77.52316,12.89767],[77.52432,12.89747],[77.52594,12.90068],[77.52634,12.90238],[77.528,12.90204],[77.52856,12.90499],[77.52589,12.90405],[77.52587,12.9043],[77.5295,12.90992],[77.53109,12.9131],[77.53178,12.91779],[77.53443,12.91836],[77.53643,12.91925],[77.53836,12.9181],[77.53875,12.91858],[77.53856,12.91964],[77.53931,12.92187],[77.53989,12.92225],[77.54029,12.92347],[77.54026,12.92414],[77.53887,12.92473],[77.53781,12.92362],[77.53729,12.9234],[77.5369,12.92351],[77.53668,12.92397],[77.53664,12.92532],[77.53689,12.92676],[77.53507,12.92732],[77.53488,12.92807],[77.53505,12.92924],[77.53488,12.92932],[77.5332,12.92812],[77.53178,12.92806],[77.53123,12.92779],[77.53023,12.92941],[77.52992,12.92962]]]},"properties":{"ward_id":4974,"ward_no":49,"name":"Rajarajeshwari Nagar","lgd_code":1302721,"area_km2":7.52,"centroid":[12.91337,77.52077]}},{"type":"Feature","geometry":{"type":"Polygon","coordinates":[[[77.66691,12.99105],[77.66553,12.99238],[77.66279,12.99676],[77.66407,12.99748],[77.66359,12.99826],[77.66319,13.00456],[77.66257,13.00819],[77.6623,13.01239],[77.65936,13.01114],[77.65759,13.01006],[77.66132,13.00224],[77.66014,13.00166],[77.66058,13.00106],[77.66003,13.0007],[77.66066,12.99979],[77.66058,12.99851],[77.66082,12.99846],[77.66009,12.99694],[77.6618,12.9963],[77.65423,12.99189],[77.65129,12.9909],[77.64873,12.9908],[77.64742,12.99112],[77.64659,12.99205],[77.6457,12.99421],[77.64513,12.99268],[77.64373,12.99206],[77.64355,12.99158],[77.64721,12.99073],[77.64805,12.98994],[77.64851,12.98879],[77.64832,12.98701],[77.64794,12.98685],[77.64828,12.98549],[77.65085,12.98112],[77.65272,12.97905],[77.65312,12.97925],[77.653,12.97937],[77.65836,12.98139],[77.65869,12.98319],[77.66016,12.98406],[77.66102,12.98414],[77.66138,12.98455],[77.66148,12.98574],[77.66672,12.98505],[77.66797,12.98549],[77.66782,12.98587],[77.66753,12.98594],[77.66737,12.988],[77.66763,12.98953],[77.66836,12.99019],[77.66787,12.99048],[77.66691,12.99105]]]},"properties":{"ward_id":5110,"ward_no":117,"name":"C V Raman Nagar","lgd_code":1302789,"area_km2":3.05,"centroid":[12.99224,77.6577]}},{"type":"Feature","geometry":{"type":"Polygon","coordinates":[[[77.64364,12.99182],[77.64373,12.99206],[77.64513,12.99268],[77.6457,12.99421],[77.64659,12.99205],[77.64742,12.99112],[77.64873,12.9908],[77.65129,12.9909],[77.65423,12.99189],[77.6618,12.9963],[77.66009,12.99694],[77.66082,12.99846],[77.66058,12.99851],[77.66066,12.99979],[77.66003,13.0007],[77.66058,13.00106],[77.66014,13.00166],[77.66132,13.00224],[77.65759,13.01006],[77.6562,13.00907],[77.65288,13.00582],[77.65126,13.00608],[77.65157,13.00669],[77.64974,13.00746],[77.64798,13.00753],[77.6467,13.00799],[77.64553,13.00639],[77.64109,13.00605],[77.63807,13.00544],[77.63635,13.00396],[77.63857,13.00263],[77.64058,12.99892],[77.64272,12.9958],[77.64132,12.99578],[77.64123,12.99539],[77.64066,12.99568],[77.64045,12.99487],[77.63794,12.9951],[77.63798,12.99391],[77.63789,12.99363],[77.63747,12.99367],[77.63734,12.99268],[77.64355,12.99158],[77.64364,12.99182]]]},"properties":{"ward_id":5111,"ward_no":118,"name":"Lal Bahadur Nagar","lgd_code":1302790,"area_km2":3.76,"centroid":[12.99873,77.64803]}},{"type":"Feature","geometry":{"type":"Polygon","coordinates":[[[77.56102,12.95336],[77.55981,12.95368],[77.55848,12.95313],[77.55653,12.95326],[77.55565,12.95166],[77.55714,12.95118],[77.55761,12.95078],[77.55767,12.95041],[77.55808,12.95029],[77.55677,12.94997],[77.55653,12.95016],[77.55626,12.94878],[77.55841,12.94846],[77.55893,12.94817],[77.55845,12.94452],[77.55995,12.94465],[77.5596,12.94202],[77.56019,12.94158],[77.55956,12.94158],[77.55949,12.94038],[77.55981,12.94036],[77.5598,12.94003],[77.56009,12.94],[77.55983,12.9362],[77.56069,12.93523],[77.56066,12.93484],[77.56222,12.93425],[77.56267,12.93344],[77.56382,12.93657],[77.56415,12.93674],[77.56454,12.93761],[77.56452,12.93806],[77.56747,12.93814],[77.56741,12.93938],[77.56665,12.93935],[77.56665,12.94018],[77.56632,12.94019],[77.56599,12.94],[77.56591,12.93933],[77.56397,12.9393],[77.56498,12.94101],[77.5651,12.94175],[77.5643,12.94174],[77.56424,12.94852],[77.56283,12.94911],[77.56235,12.94894],[77.56149,12.94926],[77.56221,12.95005],[77.56229,12.95081],[77.56179,12.95165],[77.56169,12.95337],[77.5612,12.95334],[77.56102,12.95336]]]},"properties":{"ward_id":6931,"ward_no":211,"name":"Hanumanth Nagar","lgd_code":null,"area_km2":1.16,"centroid":[12.94436,77.56142]}},{"type":"Feature","geometry":{"type":"Polygon","coordinates":[[[77.54673,13.01263],[77.54674,13.01303],[77.54278,13.01187],[77.54143,13.01258],[77.53984,13.01248],[77.53865,13.01149],[77.53794,13.01156],[77.53762,13.01057],[77.53695,13.01032],[77.53617,13.01051],[77.53461,13.00775],[77.53566,13.00705],[77.53613,13.00753],[77.5371,13.00667],[77.5375,13.00647],[77.53786,13.0067],[77.5389,13.00586],[77.53798,13.00421],[77.53771,13.00452],[77.53651,13.00331],[77.53765,13.00284],[77.53808,13.00341],[77.53889,13.00304],[77.53924,13.00395],[77.54043,13.00371],[77.54037,13.00327],[77.54079,13.0032],[77.54069,13.00215],[77.54362,13.00351],[77.54248,13.00548],[77.54338,13.00763],[77.54296,13.0077],[77.54312,13.00863],[77.54675,13.00801],[77.54724,13.01058],[77.54947,13.01003],[77.55037,13.0111],[77.55132,13.01164],[77.55101,13.01206],[77.54878,13.01197],[77.54862,13.01174],[77.54842,13.01246],[77.54759,13.01222],[77.54756,13.01242],[77.54671,13.01239],[77.54673,13.01263]]]},"properties":{"ward_id":4979,"ward_no":52,"name":"Mahalakshimpuram","lgd_code":1302724,"area_km2":0.94,"centroid":[13.00827,77.54201]}},{"type":"Feature","geometry":{"type":"Polygon","coordinates":[[[77.55985,12.93619],[77.55982,12.93576],[77.55793,12.93607],[77.55787,12.93575],[77.55694,12.9359],[77.55682,12.93507],[77.55572,12.93516],[77.55549,12.93455],[77.55646,12.93449],[77.55653,12.93274],[77.55491,12.93124],[77.55344,12.93038],[77.55314,12.92874],[77.55371,12.92854],[77.55311,12.92763],[77.5531,12.92717],[77.55278,12.92697],[77.5527,12.92739],[77.5523,12.92737],[77.55227,12.92713],[77.55184,12.92737],[77.5505,12.92509],[77.55447,12.92359],[77.55514,12.92551],[77.55621,12.92641],[77.55914,12.9282],[77.56019,12.92945],[77.56199,12.93061],[77.56253,12.93071],[77.56367,12.93039],[77.56397,12.93243],[77.5627,12.93311],[77.56222,12.93425],[77.56066,12.93484],[77.56069,12.93523],[77.56026,12.93573],[77.55985,12.93619]]]},"properties":{"ward_id":6932,"ward_no":216,"name":"Vidyapeeta ward","lgd_code":null,"area_km2":0.84,"centroid":[12.93103,77.55697]}},{"type":"Feature","geometry":{"type":"Polygon","coordinates":[[[77.55362,12.93593],[77.55341,12.93571],[77.55267,12.93599],[77.5523,12.93542],[77.55184,12.93567],[77.55125,12.93462],[77.55073,12.93484],[77.5508,12.93457],[77.55034,12.93416],[77.54963,12.93511],[77.54855,12.93572],[77.54816,12.9352],[77.54765,12.93553],[77.54344,12.93053],[77.54815,12.92657],[77.5505,12.92509],[77.55184,12.92737],[77.55227,12.92713],[77.5523,12.92737],[77.5527,12.92739],[77.55278,12.92697],[77.5531,12.92717],[77.55311,12.92763],[77.55371,12.92854],[77.55314,12.92874],[77.55344,12.93038],[77.55491,12.93124],[77.55653,12.93274],[77.55646,12.93449],[77.55549,12.93455],[77.55566,12.93499],[77.55394,12.93576],[77.55362,12.93593]]]},"properties":{"ward_id":6933,"ward_no":215,"name":"Katriguppe","lgd_code":null,"area_km2":0.96,"centroid":[12.93197,77.55201]}},{"type":"Feature","geometry":{"type":"Polygon","coordinates":[[[77.54433,12.84824],[77.54487,12.8476],[77.55149,12.84801],[77.55302,12.84716],[77.55323,12.84773],[77.55448,12.84803],[77.55488,12.84785],[77.55643,12.84507],[77.55735,12.84419],[77.55728,12.84153],[77.56219,12.83902],[77.56561,12.83967],[77.57314,12.83913],[77.57549,12.84561],[77.57619,12.84783],[77.57618,12.84883],[77.57787,12.85374],[77.57808,12.85381],[77.57946,12.85848],[77.57998,12.85831],[77.58032,12.86338],[77.57966,12.86557],[77.57891,12.86623],[77.57766,12.86666],[77.57656,12.86866],[77.57538,12.86951],[77.5744,12.86986],[77.57428,12.87085],[77.57606,12.87071],[77.57653,12.87466],[77.57605,12.87638],[77.57712,12.87659],[77.5771,12.87711],[77.57653,12.87799],[77.57636,12.87989],[77.57561,12.88188],[77.5729,12.88217],[77.57299,12.88296],[77.57208,12.88306],[77.57212,12.88336],[77.56993,12.88368],[77.56975,12.8833],[77.56748,12.88381],[77.56741,12.8834],[77.56652,12.88362],[77.56614,12.88311],[77.566,12.88217],[77.56696,12.88135],[77.56736,12.87958],[77.56725,12.87906],[77.56763,12.8789],[77.56686,12.87652],[77.56661,12.87286],[77.56605,12.87003],[77.56623,12.86912],[77.56578,12.86778],[77.56182,12.86851],[77.56112,12.86604],[77.55876,12.86678],[77.55776,12.86797],[77.55749,12.86797],[77.55757,12.86851],[77.55553,12.8688],[77.55464,12.86602],[77.55397,12.86593],[77.55383,12.86662],[77.55217,12.86638],[77.55164,12.86691],[77.55116,12.86693],[77.5512,12.86851],[77.55051,12.86867],[77.55013,12.86756],[77.54826,12.86693],[77.54822,12.86579],[77.54792,12.86511],[77.54832,12.86439],[77.54794,12.86373],[77.54643,12.86271],[77.54612,12.86134],[77.54578,12.86111],[77.54497,12.85929],[77.5452,12.85878],[77.54573,12.85924],[77.54635,12.8584],[77.54641,12.85798],[77.54605,12.85746],[77.54591,12.85655],[77.54645,12.85545],[77.5458,12.85451],[77.54582,12.8529],[77.54551,12.85273],[77.54522,12.85162],[77.54479,12.85117],[77.54491,12.85084],[77.54555,12.85049],[77.54565,12.84965],[77.54515,12.8493],[77.5452,12.84882],[77.54432,12.84852],[77.54433,12.84826],[77.54433,12.84824]]]},"properties":{"ward_id":6934,"ward_no":224,"name":"Anjanapura","lgd_code":null,"area_km2":11.19,"centroid":[12.86357,77.56032]}},{"type":"Feature","geometry":{"type":"Polygon","coordinates":[[[77.61439,12.9753],[77.59776,12.98075],[77.59751,12.98054],[77.59932,12.97667],[77.59505,12.97344],[77.59395,12.97202],[77.59516,12.96628],[77.59611,12.965],[77.59692,12.96485],[77.59626,12.96361],[77.59493,12.9624],[77.59732,12.96208],[77.59919,12.96155],[77.60159,12.96015],[77.60126,12.96319],[77.60321,12.96283],[77.60367,12.96398],[77.60445,12.96357],[77.60462,12.96589],[77.60878,12.96665],[77.61248,12.96177],[77.6121,12.95845],[77.61444,12.95818],[77.61449,12.95878],[77.61658,12.95869],[77.61654,12.95912],[77.61854,12.95904],[77.61835,12.9608],[77.61796,12.96133],[77.61781,12.9621],[77.61893,12.96246],[77.61767,12.96532],[77.61958,12.96547],[77.62052,12.96667],[77.61996,12.96823],[77.61949,12.97238],[77.61385,12.97373],[77.61439,12.9753]]]},"properties":{"ward_id":5238,"ward_no":181,"name":"Shantala Nagar","lgd_code":1302853,"area_km2":4.12,"centroid":[12.96549,77.60786]}},{"type":"Feature","geometry":{"type":"Polygon","coordinates":[[[77.57776,12.9406],[77.57385,12.94063],[77.57382,12.93478],[77.57167,12.93496],[77.57151,12.93337],[77.56928,12.93385],[77.5692,12.93357],[77.56815,12.93374],[77.56669,12.92999],[77.57153,12.92979],[77.57365,12.92938],[77.57367,12.93095],[77.57535,12.93097],[77.57606,12.93119],[77.57587,12.93161],[77.57859,12.93162],[77.57858,12.93195],[77.57961,12.93192],[77.57962,12.93304],[77.58486,12.9329],[77.58491,12.93663],[77.58003,12.93678],[77.57768,12.93969],[77.57776,12.94055],[77.57776,12.9406]]]},"properties":{"ward_id":6935,"ward_no":200,"name":"Yediyur","lgd_code":null,"area_km2":1.15,"centroid":[12.93394,77.5754]}},{"type":"Feature","geometry":{"type":"Polygon","coordinates":[[[77.55527,12.96711],[77.5548,12.96735],[77.55558,12.96918],[77.55159,12.96805],[77.55076,12.96728],[77.55164,12.96718],[77.55168,12.96635],[77.55482,12.96533],[77.55465,12.96479],[77.55533,12.96444],[77.55522,12.9639],[77.55492,12.96393],[77.55711,12.96044],[77.55806,12.96094],[77.56278,12.96169],[77.56618,12.96283],[77.56612,12.96406],[77.56393,12.964],[77.56454,12.96511],[77.56482,12.9666],[77.56549,12.96673],[77.56528,12.96762],[77.56426,12.96824],[77.56183,12.9647],[77.56111,12.96494],[77.56063,12.96599],[77.55992,12.96651],[77.55974,12.96656],[77.55884,12.96476],[77.55831,12.9653],[77.55691,12.96603],[77.55677,12.96665],[77.55587,12.96719],[77.55534,12.9671],[77.55527,12.96711]]]},"properties":{"ward_id":5210,"ward_no":167,"name":"Jagajivanaram Nagar","lgd_code":1302839,"area_km2":0.68,"centroid":[12.96556,77.55853]}},{"type":"Feature","geometry":{"type":"Polygon","coordinates":[[[77.53929,12.91753],[77.53643,12.91925],[77.53443,12.91836],[77.53178,12.91779],[77.53109,12.9131],[77.5295,12.90992],[77.52587,12.9043],[77.52589,12.90405],[77.52856,12.90499],[77.528,12.90204],[77.52634,12.90238],[77.52594,12.90068],[77.52432,12.89747],[77.52316,12.89767],[77.52239,12.89737],[77.52128,12.89786],[77.52089,12.89756],[77.52045,12.89678],[77.5208,12.8961],[77.52104,12.89469],[77.5209,12.89361],[77.51982,12.89306],[77.51887,12.89292],[77.5185,12.89339],[77.51723,12.89318],[77.51659,12.89371],[77.51587,12.89381],[77.5162,12.89145],[77.51572,12.89006],[77.51666,12.88739],[77.51903,12.88319],[77.52233,12.88363],[77.52791,12.88396],[77.53159,12.8852],[77.53258,12.8853],[77.53584,12.88461],[77.53756,12.88328],[77.53752,12.88026],[77.53906,12.8799],[77.53993,12.8801],[77.54201,12.87944],[77.54379,12.8792],[77.5455,12.8835],[77.54662,12.88449],[77.54677,12.88441],[77.5468,12.88485],[77.5459,12.88477],[77.54872,12.88776],[77.54745,12.88823],[77.54744,12.8899],[77.54672,12.89278],[77.54686,12.89323],[77.54666,12.89327],[77.54743,12.89686],[77.54846,12.89625],[77.54911,12.89761],[77.54897,12.89821],[77.54753,12.89887],[77.54702,12.89892],[77.54688,12.89823],[77.5464,12.89861],[77.54623,12.89768],[77.5458,12.89814],[77.54432,12.89853],[77.54439,12.90032],[77.54506,12.90023],[77.54515,12.90066],[77.54396,12.90096],[77.54421,12.90182],[77.54229,12.90271],[77.54197,12.90217],[77.54135,12.90182],[77.54022,12.90245],[77.53931,12.90134],[77.53863,12.90308],[77.53821,12.90353],[77.5383,12.90405],[77.53877,12.9043],[77.5395,12.9053],[77.53979,12.90806],[77.54108,12.90881],[77.54215,12.90911],[77.54236,12.90942],[77.54315,12.9093],[77.5443,12.90988],[77.54469,12.9117],[77.54499,12.91164],[77.5451,12.91234],[77.54544,12.91226],[77.54561,12.91267],[77.54595,12.91258],[77.54664,12.91505],[77.54531,12.91539],[77.5453,12.91595],[77.54347,12.91644],[77.54357,12.91748],[77.54446,12.91737],[77.54448,12.91754],[77.54317,12.91764],[77.54193,12.91822],[77.54199,12.9188],[77.53931,12.91752],[77.53929,12.91753]]]},"properties":{"ward_id":6936,"ward_no":218,"name":"Subramanyapura","lgd_code":null,"area_km2":8.71,"centroid":[12.89996,77.53708]}},{"type":"Feature","geometry":{"type":"Polygon","coordinates":[[[77.6515,12.92116],[77.65184,12.90891],[77.6509,12.90459],[77.65035,12.90373],[77.64868,12.90352],[77.64877,12.9038],[77.64598,12.9044],[77.64574,12.90142],[77.64502,12.89897],[77.64538,12.89657],[77.6429,12.8967],[77.64228,12.89629],[77.64223,12.89552],[77.64298,12.89429],[77.64488,12.89426],[77.64464,12.89232],[77.64406,12.89203],[77.64381,12.89141],[77.64459,12.89167],[77.64897,12.891],[77.65023,12.89323],[77.65261,12.8947],[77.65379,12.89456],[77.6539,12.89569],[77.65439,12.89654],[77.6548,12.89701],[77.65547,12.8969],[77.65561,12.8978],[77.65623,12.89762],[77.65678,12.89876],[77.65684,12.90024],[77.65462,12.90072],[77.65454,12.90178],[77.65657,12.90917],[77.65709,12.90968],[77.65893,12.90957],[77.66013,12.91013],[77.66009,12.91107],[77.66085,12.9137],[77.66042,12.91497],[77.66139,12.91557],[77.66211,12.91756],[77.66518,12.92107],[77.66662,12.92098],[77.66779,12.92156],[77.6682,12.92324],[77.66877,12.92332],[77.66893,12.92621],[77.66846,12.92871],[77.66769,12.92879],[77.66804,12.93124],[77.6664,12.93101],[77.66585,12.93035],[77.66493,12.92814],[77.66376,12.92804],[77.66329,12.92823],[77.66326,12.92763],[77.66247,12.92614],[77.66116,12.92161],[77.66279,12.9212],[77.66222,12.91879],[77.66035,12.91634],[77.65466,12.92045],[77.65361,12.92045],[77.6536,12.92096],[77.6515,12.92118],[77.6515,12.92116]]]},"properties":{"ward_id":6937,"ward_no":229,"name":"Ibluru","lgd_code":null,"area_km2":3.43,"centroid":[12.90978,77.65595]}},{"type":"Feature","geometry":{"type":"Polygon","coordinates":[[[77.65581,12.85886],[77.6575,12.85816],[77.65931,12.85862],[77.66128,12.85867],[77.66372,12.86078],[77.66413,12.86253],[77.66458,12.86243],[77.66536,12.8642],[77.66672,12.86621],[77.66782,12.86641],[77.67114,12.86781],[77.67289,12.86825],[77.67281,12.86931],[77.67533,12.87258],[77.67458,12.87535],[77.67324,12.87805],[77.67247,12.87846],[77.67104,12.8803],[77.67403,12.87982],[77.67434,12.88383],[77.67375,12.88437],[77.66782,12.88558],[77.66818,12.88359],[77.66593,12.88422],[77.66249,12.88447],[77.66053,12.88418],[77.6565,12.88494],[77.65565,12.8831],[77.65493,12.88038],[77.65462,12.87558],[77.65399,12.87355],[77.65549,12.87286],[77.65706,12.87127],[77.65767,12.87111],[77.65767,12.86898],[77.65714,12.86897],[77.65712,12.86959],[77.65664,12.86958],[77.65664,12.86902],[77.65633,12.869],[77.65545,12.86906],[77.65548,12.86975],[77.65374,12.86966],[77.65545,12.86752],[77.65447,12.86282],[77.65409,12.85967],[77.65554,12.85899],[77.65581,12.85886]]]},"properties":{"ward_id":6938,"ward_no":228,"name":"Naganathapura","lgd_code":null,"area_km2":4.87,"centroid":[12.87154,77.66231]}},{"type":"Feature","geometry":{"type":"Polygon","coordinates":[[[77.59928,13.03324],[77.5982,13.03297],[77.59765,13.03253],[77.5957,13.03221],[77.59557,13.03179],[77.59644,13.03178],[77.59652,13.03007],[77.59645,13.02984],[77.59607,13.02984],[77.59584,13.02833],[77.59548,13.02839],[77.59476,13.02468],[77.593,13.02496],[77.59235,13.01914],[77.59144,13.01579],[77.59152,13.01553],[77.59263,13.01506],[77.59284,13.01581],[77.5946,13.0159],[77.59483,13.01659],[77.59512,13.01667],[77.59501,13.0174],[77.59455,13.0178],[77.59477,13.01852],[77.59394,13.01874],[77.59443,13.02022],[77.59363,13.02043],[77.59453,13.02369],[77.59616,13.02323],[77.59626,13.0236],[77.59683,13.02343],[77.59711,13.02497],[77.59803,13.02492],[77.59812,13.02545],[77.60043,13.02558],[77.60066,13.02619],[77.60055,13.0265],[77.60009,13.0267],[77.59941,13.02854],[77.59969,13.03019],[77.60029,13.0311],[77.60019,13.03322],[77.59939,13.03322],[77.59928,13.03324]]]},"properties":{"ward_id":5018,"ward_no":71,"name":"Chamundi Nagara","lgd_code":1302743,"area_km2":0.65,"centroid":[13.02476,77.59629]}},{"type":"Feature","geometry":{"type":"Polygon","coordinates":[[[77.59326,12.88708],[77.59174,12.88728],[77.5913,12.88451],[77.59057,12.8827],[77.59061,12.88131],[77.59019,12.87918],[77.5896,12.87784],[77.58959,12.87693],[77.58624,12.87446],[77.58608,12.87404],[77.58756,12.87306],[77.58883,12.87265],[77.58889,12.86984],[77.59036,12.87053],[77.59266,12.8721],[77.59295,12.87272],[77.59396,12.87285],[77.59426,12.87314],[77.59577,12.87293],[77.59615,12.87259],[77.59678,12.87028],[77.59757,12.86886],[77.59806,12.86678],[77.59903,12.86673],[77.59954,12.86632],[77.60154,12.86628],[77.60148,12.86677],[77.60263,12.86665],[77.60354,12.86523],[77.60351,12.86466],[77.60429,12.86478],[77.60466,12.86703],[77.60487,12.867],[77.6052,12.86812],[77.60643,12.86991],[77.60802,12.86967],[77.60808,12.86813],[77.60838,12.867],[77.61027,12.86688],[77.61033,12.86752],[77.6111,12.86742],[77.61114,12.86665],[77.61146,12.86614],[77.6128,12.86541],[77.61358,12.8713],[77.61499,12.87113],[77.61528,12.87162],[77.61534,12.87308],[77.61492,12.87626],[77.61755,12.87608],[77.61757,12.87717],[77.61804,12.8778],[77.61832,12.87891],[77.61758,12.879],[77.61763,12.87968],[77.61695,12.8799],[77.61655,12.87902],[77.61398,12.87911],[77.6134,12.8797],[77.61287,12.87971],[77.60992,12.8787],[77.60967,12.87878],[77.61,12.88024],[77.60987,12.88175],[77.61006,12.88307],[77.60571,12.88361],[77.60299,12.8846],[77.60147,12.88452],[77.59968,12.88401],[77.5972,12.88403],[77.59644,12.88437],[77.59692,12.88714],[77.59355,12.88705],[77.59326,12.88708]]]},"properties":{"ward_id":6939,"ward_no":239,"name":"Hulimavu","lgd_code":null,"area_km2":4.71,"centroid":[12.87465,77.60328]}},{"type":"Feature","geometry":{"type":"Polygon","coordinates":[[[77.54895,12.96432],[77.54904,12.96467],[77.5485,12.96515],[77.54637,12.9643],[77.54477,12.96429],[77.54386,12.96399],[77.54442,12.96328],[77.54553,12.96269],[77.54517,12.96224],[77.54841,12.95657],[77.55245,12.95745],[77.55223,12.96047],[77.55035,12.96094],[77.55052,12.96214],[77.54972,12.96234],[77.55,12.96326],[77.54967,12.96335],[77.54986,12.96383],[77.54893,12.9642],[77.54895,12.96432]]]},"properties":{"ward_id":5214,"ward_no":169,"name":"Devaraj Urs Nagar","lgd_code":1302841,"area_km2":0.46,"centroid":[12.9626,77.54836]}},{"type":"Feature","geometry":{"type":"Polygon","coordinates":[[[77.58645,12.90558],[77.58644,12.90464],[77.58497,12.90466],[77.58495,12.90517],[77.58173,12.90557],[77.58176,12.90374],[77.58029,12.90413],[77.58016,12.90355],[77.58063,12.90345],[77.5804,12.90191],[77.57786,12.90198],[77.578,12.9004],[77.57745,12.89889],[77.57594,12.89659],[77.57456,12.89521],[77.57471,12.89478],[77.57923,12.89724],[77.57945,12.89688],[77.57985,12.89712],[77.57953,12.89669],[77.58089,12.89211],[77.58181,12.89222],[77.58567,12.89179],[77.58563,12.89263],[77.58641,12.89272],[77.58591,12.89688],[77.58872,12.89707],[77.58873,12.8974],[77.58897,12.89747],[77.58867,12.8996],[77.58803,12.90092],[77.5885,12.90104],[77.58804,12.90329],[77.58829,12.90338],[77.58815,12.90524],[77.58805,12.90555],[77.58722,12.90555],[77.58645,12.90558]]]},"properties":{"ward_id":6940,"ward_no":241,"name":"Puttenahalli - Sarakki Lake","lgd_code":null,"area_km2":1.34,"centroid":[12.89981,77.5833]}},{"type":"Feature","geometry":{"type":"Polygon","coordinates":[[[77.63351,12.9747],[77.63302,12.97377],[77.63273,12.97504],[77.63179,12.97637],[77.6285,12.97813],[77.62721,12.97735],[77.62664,12.97619],[77.62597,12.97556],[77.62229,12.97322],[77.62374,12.97112],[77.62549,12.97213],[77.62644,12.97015],[77.62656,12.96807],[77.62976,12.96803],[77.63312,12.96833],[77.63321,12.96918],[77.63276,12.97043],[77.638,12.97249],[77.63805,12.97329],[77.6411,12.97338],[77.64095,12.9761],[77.63569,12.97598],[77.63558,12.97536],[77.6334,12.9759],[77.63353,12.97474],[77.63351,12.9747]]]},"properties":{"ward_id":5234,"ward_no":179,"name":"Jogupalya","lgd_code":1302851,"area_km2":1.18,"centroid":[12.9734,77.63156]}},{"type":"Feature","geometry":{"type":"Polygon","coordinates":[[[77.6411,12.97338],[77.63805,12.97329],[77.638,12.97249],[77.63276,12.97043],[77.63321,12.96918],[77.63312,12.96833],[77.62976,12.96803],[77.62663,12.96811],[77.62652,12.96574],[77.62632,12.96542],[77.62497,12.96611],[77.62637,12.96349],[77.62824,12.96236],[77.63207,12.96116],[77.63431,12.96163],[77.63472,12.96115],[77.63654,12.95536],[77.63974,12.95153],[77.6411,12.95392],[77.64129,12.9547],[77.64333,12.95466],[77.64374,12.95637],[77.64331,12.95789],[77.64375,12.95791],[77.64306,12.95835],[77.64241,12.96052],[77.64167,12.96057],[77.64114,12.97292],[77.6411,12.97338]]]},"properties":{"ward_id":5231,"ward_no":178,"name":"Domlur","lgd_code":1302850,"area_km2":2.25,"centroid":[12.96304,77.63597]}},{"type":"Feature","geometry":{"type":"Polygon","coordinates":[[[77.57923,12.89724],[77.57515,12.89497],[77.5743,12.8946],[77.5734,12.89457],[77.57353,12.89434],[77.57328,12.89425],[77.5729,12.8948],[77.57188,12.89449],[77.57188,12.89426],[77.5689,12.89401],[77.5689,12.89199],[77.5693,12.89051],[77.57169,12.89059],[77.57099,12.88844],[77.57322,12.888],[77.57313,12.88735],[77.57473,12.88704],[77.57592,12.88627],[77.57549,12.88532],[77.57552,12.8842],[77.57698,12.88444],[77.57687,12.88525],[77.57823,12.88599],[77.57855,12.88601],[77.57905,12.88547],[77.57936,12.88557],[77.57934,12.88712],[77.5788,12.88757],[77.57865,12.88817],[77.5819,12.88823],[77.58224,12.88566],[77.58345,12.88222],[77.58591,12.88287],[77.59098,12.88362],[77.59163,12.88586],[77.5918,12.8883],[77.58624,12.88932],[77.58259,12.89046],[77.58186,12.89128],[77.58181,12.89217],[77.58089,12.89211],[77.57953,12.89669],[77.57985,12.89712],[77.57945,12.89688],[77.57923,12.89724]]]},"properties":{"ward_id":6941,"ward_no":222,"name":"RBI layout","lgd_code":null,"area_km2":1.82,"centroid":[12.88967,77.57794]}},{"type":"Feature","geometry":{"type":"Polygon","coordinates":[[[77.53544,12.96599],[77.53469,12.96438],[77.53311,12.96475],[77.53063,12.96463],[77.5295,12.96494],[77.52643,12.9646],[77.52673,12.96364],[77.52671,12.96199],[77.5263,12.962],[77.5263,12.96222],[77.52395,12.96168],[77.52328,12.96173],[77.52316,12.96224],[77.52197,12.96174],[77.52064,12.96179],[77.52027,12.96041],[77.51932,12.95966],[77.52527,12.95872],[77.52841,12.95708],[77.52863,12.95682],[77.52734,12.95296],[77.52698,12.95092],[77.52869,12.9506],[77.52898,12.94996],[77.52999,12.95124],[77.53184,12.95218],[77.53171,12.95317],[77.53071,12.95327],[77.53115,12.956],[77.53135,12.95599],[77.53139,12.9572],[77.53443,12.95656],[77.534,12.95763],[77.5357,12.9586],[77.53695,12.96034],[77.53752,12.96209],[77.5372,12.96207],[77.53743,12.96331],[77.53684,12.96337],[77.53717,12.96506],[77.53744,12.96498],[77.5375,12.96529],[77.53568,12.96591],[77.53544,12.96599]]]},"properties":{"ward_id":5198,"ward_no":161,"name":"Attiguppe","lgd_code":1302833,"area_km2":1.41,"centroid":[12.95976,77.5302]}},{"type":"Feature","geometry":{"type":"Polygon","coordinates":[[[77.54421,12.96355],[77.54386,12.96399],[77.54365,12.96382],[77.53925,12.95796],[77.53898,12.9559],[77.54121,12.95572],[77.5411,12.95453],[77.54146,12.95455],[77.54168,12.95462],[77.54159,12.95521],[77.54189,12.95584],[77.54335,12.95705],[77.54371,12.95773],[77.54516,12.95727],[77.54791,12.95746],[77.54517,12.96224],[77.54553,12.96269],[77.54442,12.96328],[77.54421,12.96355]]]},"properties":{"ward_id":5195,"ward_no":160,"name":"Bapuji Nagar","lgd_code":1302832,"area_km2":0.45,"centroid":[12.95852,77.54301]}},{"type":"Feature","geometry":{"type":"Polygon","coordinates":[[[77.54826,13.05541],[77.54679,13.05673],[77.54471,13.05495],[77.54253,13.05492],[77.53896,13.05432],[77.53484,13.05488],[77.53297,13.05483],[77.53357,13.0535],[77.53641,13.04905],[77.54183,13.05069],[77.54297,13.05077],[77.54278,13.04922],[77.55015,13.04885],[77.5493,13.0458],[77.54829,13.04529],[77.54829,13.04465],[77.54897,13.04445],[77.54886,13.04372],[77.54837,13.04361],[77.54834,13.04331],[77.54749,13.04336],[77.54722,13.04168],[77.55339,13.04368],[77.55348,13.04335],[77.55427,13.04311],[77.55337,13.0393],[77.55341,13.03867],[77.55177,13.03902],[77.54886,13.04019],[77.54872,13.03987],[77.54969,13.03943],[77.54914,13.0371],[77.54995,13.03682],[77.5502,13.0376],[77.55172,13.03788],[77.55176,13.03767],[77.55339,13.03786],[77.55324,13.03687],[77.55412,13.0329],[77.55393,13.03244],[77.5574,13.03469],[77.55758,13.03611],[77.5573,13.03858],[77.55944,13.03893],[77.56096,13.04],[77.56064,13.04045],[77.5598,13.04048],[77.55922,13.04153],[77.55814,13.04232],[77.55739,13.04277],[77.5571,13.04267],[77.55666,13.04523],[77.55449,13.04862],[77.55098,13.05324],[77.54904,13.05471],[77.54826,13.05541]]]},"properties":{"ward_id":4954,"ward_no":39,"name":"Kanneshwara Rama","lgd_code":1302711,"area_km2":2.28,"centroid":[13.04397,77.55023]}},{"type":"Feature","geometry":{"type":"Polygon","coordinates":[[[77.55526,12.96448],[77.55465,12.96479],[77.55482,12.96533],[77.55168,12.96635],[77.55164,12.96718],[77.55147,12.96721],[77.55076,12.96728],[77.55006,12.96639],[77.5485,12.96515],[77.54904,12.96467],[77.54893,12.9642],[77.54986,12.96383],[77.54967,12.96335],[77.55,12.96326],[77.54972,12.96234],[77.55052,12.96214],[77.55035,12.96094],[77.55223,12.96047],[77.55245,12.95745],[77.55489,12.95831],[77.55631,12.9599],[77.55711,12.96044],[77.55492,12.96393],[77.55522,12.9639],[77.55526,12.96448],[77.55526,12.96448]]]},"properties":{"ward_id":5211,"ward_no":168,"name":"Padarayanapura","lgd_code":1302840,"area_km2":0.51,"centroid":[12.96351,77.55221]}},{"type":"Feature","geometry":{"type":"Polygon","coordinates":[[[77.57211,12.90665],[77.57021,12.90869],[77.56946,12.90811],[77.56009,12.90032],[77.56222,12.8985],[77.56298,12.8987],[77.56301,12.89842],[77.56468,12.89874],[77.56684,12.89865],[77.56753,12.89835],[77.56768,12.89887],[77.56973,12.89876],[77.57037,12.89844],[77.57036,12.89813],[77.57152,12.89765],[77.57275,12.89938],[77.57336,12.90137],[77.5732,12.90386],[77.57337,12.90539],[77.57317,12.90647],[77.57211,12.90665]]]},"properties":{"ward_id":6942,"ward_no":220,"name":"Yelachenahalli","lgd_code":null,"area_km2":1.01,"centroid":[12.90117,77.56873]}},{"type":"Feature","geometry":{"type":"Polygon","coordinates":[[[77.55341,13.03867],[77.55337,13.0393],[77.55427,13.04311],[77.55348,13.04335],[77.55339,13.04368],[77.54488,13.04102],[77.54295,13.03929],[77.54484,13.03698],[77.54784,13.03115],[77.55002,13.03187],[77.55008,13.03073],[77.55025,13.03072],[77.55003,13.02907],[77.55047,13.02898],[77.55115,13.03006],[77.55116,13.02855],[77.55352,13.02859],[77.55372,13.03232],[77.55421,13.03207],[77.55471,13.03128],[77.5552,13.02995],[77.55909,13.02883],[77.55998,13.03093],[77.55738,13.03468],[77.55393,13.03244],[77.55412,13.0329],[77.55324,13.03687],[77.55339,13.03786],[77.55176,13.03767],[77.55172,13.03788],[77.5502,13.0376],[77.54995,13.03682],[77.54914,13.0371],[77.54969,13.03943],[77.54872,13.03987],[77.54886,13.04019],[77.55315,13.03871],[77.55341,13.03867]]]},"properties":{"ward_id":4951,"ward_no":38,"name":"J P Park","lgd_code":1302710,"area_km2":1.38,"centroid":[13.03515,77.55182]}},{"type":"Feature","geometry":{"type":"Polygon","coordinates":[[[77.57018,12.96719],[77.57022,12.96796],[77.56787,12.96821],[77.56794,12.96718],[77.56774,12.96719],[77.56775,12.96697],[77.56643,12.96715],[77.56626,12.96674],[77.56482,12.9666],[77.56454,12.96511],[77.56393,12.964],[77.56612,12.96406],[77.56618,12.96283],[77.56207,12.96157],[77.56201,12.96114],[77.56203,12.96034],[77.56858,12.96047],[77.56969,12.9639],[77.57003,12.96419],[77.57016,12.96679],[77.57018,12.96719]]]},"properties":{"ward_id":5207,"ward_no":166,"name":"Chalavadipalya","lgd_code":1302838,"area_km2":0.44,"centroid":[12.96498,77.56673]}},{"type":"Feature","geometry":{"type":"Polygon","coordinates":[[[77.61803,12.89885],[77.61575,12.89871],[77.61579,12.89899],[77.61517,12.89896],[77.61499,12.89816],[77.61349,12.89766],[77.6141,12.89573],[77.6146,12.89591],[77.61448,12.89363],[77.61418,12.8926],[77.615,12.89245],[77.61436,12.89122],[77.61349,12.8906],[77.61331,12.89017],[77.61284,12.89036],[77.61245,12.88812],[77.61531,12.88789],[77.61527,12.8876],[77.61593,12.88749],[77.61575,12.88642],[77.61732,12.88622],[77.61747,12.88676],[77.61866,12.8865],[77.6192,12.88804],[77.6199,12.88887],[77.62138,12.8886],[77.62147,12.88886],[77.62556,12.88856],[77.62554,12.88839],[77.62858,12.88809],[77.62861,12.89013],[77.62925,12.89086],[77.62943,12.89175],[77.62987,12.89207],[77.63022,12.89277],[77.6328,12.89241],[77.63287,12.88941],[77.63147,12.88926],[77.63233,12.8861],[77.63519,12.88638],[77.63496,12.88761],[77.63465,12.88757],[77.63454,12.88828],[77.63501,12.88851],[77.63417,12.8901],[77.6348,12.89017],[77.6349,12.8913],[77.63533,12.89129],[77.63551,12.8924],[77.63508,12.89249],[77.63506,12.89325],[77.62922,12.89432],[77.62578,12.89449],[77.62271,12.89496],[77.6227,12.89401],[77.62007,12.89402],[77.62141,12.89768],[77.6197,12.89829],[77.61807,12.89794],[77.61794,12.89835],[77.61803,12.89885]]]},"properties":{"ward_id":6943,"ward_no":236,"name":"Devarachikkanahalli","lgd_code":null,"area_km2":1.78,"centroid":[12.89164,77.62338]}},{"type":"Feature","geometry":{"type":"Polygon","coordinates":[[[77.55192,12.97036],[77.55306,12.97166],[77.55447,12.97557],[77.55296,12.97537],[77.55063,12.97371],[77.54961,12.97397],[77.54836,12.97507],[77.54774,12.97429],[77.54366,12.97412],[77.53922,12.97316],[77.54508,12.97118],[77.5452,12.97155],[77.54654,12.9711],[77.5471,12.97239],[77.54755,12.97188],[77.54725,12.97134],[77.54758,12.97058],[77.5474,12.96959],[77.5487,12.96951],[77.54839,12.96865],[77.5495,12.96822],[77.55047,12.96949],[77.55152,12.96992],[77.55192,12.97036],[77.55192,12.97036]]]},"properties":{"ward_id":5190,"ward_no":157,"name":"Vijayanagar","lgd_code":1302829,"area_km2":0.54,"centroid":[12.97179,77.54858]}},{"type":"Feature","geometry":{"type":"Polygon","coordinates":[[[77.63504,12.90733],[77.63245,12.90666],[77.63253,12.90423],[77.63224,12.90372],[77.6348,12.90352],[77.63464,12.90152],[77.63497,12.90152],[77.63498,12.90078],[77.63569,12.90064],[77.63554,12.89998],[77.63716,12.89975],[77.63704,12.89824],[77.63909,12.89818],[77.63909,12.8972],[77.63861,12.8964],[77.63844,12.89452],[77.64025,12.8945],[77.64127,12.89391],[77.6417,12.89391],[77.64277,12.89396],[77.64298,12.89429],[77.64223,12.89552],[77.64237,12.89646],[77.6429,12.8967],[77.64538,12.89657],[77.64501,12.89877],[77.64547,12.90029],[77.64342,12.90067],[77.64363,12.9025],[77.63888,12.90575],[77.63507,12.90733],[77.63504,12.90733]]]},"properties":{"ward_id":6944,"ward_no":231,"name":"Mangammanapalya","lgd_code":null,"area_km2":1.06,"centroid":[12.89953,77.63889]}},{"type":"Feature","geometry":{"type":"Polygon","coordinates":[[[77.56226,12.8985],[77.56124,12.89924],[77.55993,12.8959],[77.55947,12.89208],[77.56082,12.89137],[77.56431,12.8904],[77.56165,12.88804],[77.55994,12.88694],[77.55083,12.88408],[77.5529,12.88366],[77.55731,12.88368],[77.5568,12.88222],[77.55678,12.88134],[77.55567,12.8783],[77.55508,12.87787],[77.55513,12.87608],[77.55482,12.8752],[77.55444,12.87529],[77.55446,12.8755],[77.55248,12.87592],[77.55154,12.87536],[77.55092,12.87534],[77.55105,12.8749],[77.55085,12.87419],[77.55107,12.87375],[77.55091,12.87283],[77.55002,12.87167],[77.54997,12.87013],[77.55041,12.8695],[77.55051,12.86867],[77.5512,12.86851],[77.55116,12.86693],[77.55164,12.86691],[77.55217,12.86638],[77.55383,12.86662],[77.55397,12.86593],[77.55464,12.86602],[77.55553,12.8688],[77.55757,12.86851],[77.55749,12.86797],[77.55776,12.86797],[77.55876,12.86678],[77.56112,12.86604],[77.56182,12.86851],[77.56578,12.86778],[77.56623,12.86912],[77.56605,12.87003],[77.56661,12.87286],[77.56686,12.87652],[77.56763,12.8789],[77.56725,12.87906],[77.56736,12.87958],[77.56696,12.88135],[77.56601,12.88217],[77.56614,12.88311],[77.56652,12.88362],[77.56741,12.8834],[77.56748,12.88381],[77.56975,12.8833],[77.57035,12.8848],[77.5707,12.88723],[77.57169,12.89059],[77.5693,12.89051],[77.5689,12.89199],[77.5689,12.89401],[77.56841,12.89412],[77.57152,12.89765],[77.57036,12.89813],[77.57037,12.89844],[77.56973,12.89876],[77.56768,12.89887],[77.56753,12.89835],[77.56684,12.89865],[77.56468,12.89874],[77.56234,12.89849],[77.56226,12.8985]]]},"properties":{"ward_id":6945,"ward_no":221,"name":"Konanakunte","lgd_code":null,"area_km2":4.5,"centroid":[12.88072,77.56047]}},{"type":"Feature","geometry":{"type":"Polygon","coordinates":[[[77.61407,12.89103],[77.615,12.89245],[77.61275,12.89289],[77.61252,12.8918],[77.61204,12.89105],[77.61168,12.89207],[77.61042,12.89283],[77.60965,12.89221],[77.60815,12.89162],[77.60843,12.88835],[77.60737,12.88851],[77.60386,12.88984],[77.60323,12.88942],[77.60316,12.8888],[77.59959,12.89032],[77.59207,12.89146],[77.5903,12.89221],[77.58984,12.89112],[77.58878,12.89176],[77.58846,12.89166],[77.58821,12.88903],[77.5918,12.8883],[77.59174,12.88728],[77.59355,12.88705],[77.59692,12.88714],[77.59644,12.88437],[77.5972,12.88403],[77.59968,12.88401],[77.60147,12.88452],[77.60299,12.8846],[77.60571,12.88361],[77.61006,12.88307],[77.60987,12.88175],[77.61,12.88024],[77.60967,12.87878],[77.61015,12.87868],[77.61287,12.87971],[77.6134,12.8797],[77.61398,12.87911],[77.61655,12.87902],[77.61695,12.8799],[77.61763,12.87968],[77.61758,12.879],[77.61788,12.87897],[77.61858,12.88057],[77.61871,12.88123],[77.61762,12.88169],[77.61785,12.88475],[77.61822,12.88475],[77.61866,12.8865],[77.61747,12.88676],[77.61732,12.88622],[77.61575,12.88642],[77.61593,12.88749],[77.61527,12.8876],[77.61531,12.88789],[77.61245,12.88812],[77.61284,12.89036],[77.61331,12.89017],[77.61389,12.89091],[77.61407,12.89103]]]},"properties":{"ward_id":6946,"ward_no":238,"name":"Arakere","lgd_code":null,"area_km2":2.31,"centroid":[12.88641,77.60805]}},{"type":"Feature","geometry":{"type":"Polygon","coordinates":[[[77.57326,12.90648],[77.5732,12.90375],[77.57342,12.90184],[77.57284,12.89961],[77.57115,12.89716],[77.56841,12.89412],[77.56889,12.894],[77.57188,12.89426],[77.57188,12.89449],[77.5729,12.8948],[77.57328,12.89425],[77.57353,12.89434],[77.5734,12.89457],[77.57471,12.89478],[77.57464,12.89537],[77.57594,12.89659],[77.57745,12.89889],[77.578,12.9004],[77.57786,12.90198],[77.5804,12.90191],[77.58063,12.90345],[77.58016,12.90355],[77.5803,12.90436],[77.57867,12.90495],[77.5787,12.90537],[77.57691,12.90532],[77.57724,12.90387],[77.577,12.90383],[77.57546,12.90505],[77.57549,12.90646],[77.57431,12.90646],[77.57326,12.90648]]]},"properties":{"ward_id":6947,"ward_no":242,"name":"Jaraganahalli","lgd_code":null,"area_km2":0.75,"centroid":[12.9002,77.57522]}},{"type":"Feature","geometry":{"type":"Polygon","coordinates":[[[77.57551,12.88423],[77.57549,12.88532],[77.57592,12.88627],[77.57473,12.88704],[77.57313,12.88735],[77.57322,12.888],[77.57099,12.88844],[77.5704,12.88497],[77.56993,12.88368],[77.57212,12.88336],[77.57208,12.88306],[77.57299,12.88296],[77.5729,12.88217],[77.57561,12.88188],[77.57636,12.87989],[77.57653,12.87799],[77.5771,12.87711],[77.57712,12.87659],[77.57605,12.87638],[77.57653,12.87466],[77.57606,12.87071],[77.57428,12.87085],[77.5744,12.86986],[77.57538,12.86951],[77.57656,12.86866],[77.57766,12.86666],[77.57891,12.86623],[77.57973,12.86556],[77.5809,12.86574],[77.58131,12.86729],[77.58187,12.86747],[77.58187,12.86774],[77.58301,12.86719],[77.58408,12.86709],[77.58415,12.86831],[77.58499,12.86817],[77.58528,12.87035],[77.58773,12.86939],[77.58889,12.86984],[77.58883,12.87265],[77.58756,12.87306],[77.58608,12.87404],[77.58624,12.87446],[77.58959,12.87693],[77.5896,12.87784],[77.59019,12.87918],[77.59061,12.88131],[77.59057,12.8827],[77.59098,12.88362],[77.58591,12.88287],[77.58345,12.88222],[77.58224,12.88566],[77.5819,12.88823],[77.57865,12.88817],[77.5788,12.88757],[77.57934,12.88712],[77.57936,12.88557],[77.57905,12.88547],[77.57855,12.88601],[77.57823,12.88599],[77.57687,12.88525],[77.57698,12.88444],[77.57552,12.8842],[77.57551,12.88423]]]},"properties":{"ward_id":6948,"ward_no":223,"name":"Chunchaghatta","lgd_code":null,"area_km2":2.95,"centroid":[12.87814,77.57979]}},{"type":"Feature","geometry":{"type":"Polygon","coordinates":[[[77.6515,12.9212],[77.65174,12.92422],[77.64886,12.92469],[77.64489,12.92442],[77.64137,12.92338],[77.63993,12.92383],[77.63845,12.92039],[77.63817,12.91595],[77.63535,12.91623],[77.63504,12.90733],[77.63888,12.90575],[77.64363,12.9025],[77.64342,12.90067],[77.64547,12.90029],[77.64598,12.9044],[77.64877,12.9038],[77.64868,12.90352],[77.65035,12.90373],[77.65108,12.90517],[77.65183,12.9088],[77.6515,12.9212],[77.6515,12.9212]]]},"properties":{"ward_id":6949,"ward_no":230,"name":"Agara","lgd_code":null,"area_km2":3.6,"centroid":[12.91245,77.64499]}},{"type":"Feature","geometry":{"type":"Polygon","coordinates":[[[77.55712,12.91059],[77.55565,12.91102],[77.55489,12.90957],[77.55467,12.90953],[77.55356,12.90633],[77.55194,12.90704],[77.54928,12.90777],[77.54837,12.90547],[77.54831,12.90364],[77.5484,12.90345],[77.54909,12.90392],[77.54907,12.9042],[77.55032,12.90398],[77.55025,12.90447],[77.55089,12.90435],[77.55103,12.90392],[77.55146,12.90364],[77.55242,12.90382],[77.55343,12.90335],[77.55496,12.90341],[77.55635,12.90294],[77.55623,12.90257],[77.55651,12.9025],[77.55565,12.89856],[77.55583,12.89819],[77.55561,12.89797],[77.55587,12.89755],[77.55538,12.89695],[77.55591,12.89628],[77.55682,12.8957],[77.55832,12.89499],[77.55846,12.89531],[77.55895,12.89518],[77.55912,12.89433],[77.55971,12.89413],[77.55993,12.8959],[77.56124,12.89924],[77.56009,12.90032],[77.56501,12.9044],[77.56278,12.90541],[77.56255,12.90496],[77.56186,12.90519],[77.56198,12.90542],[77.55991,12.90654],[77.55941,12.90659],[77.55799,12.90775],[77.5585,12.9087],[77.55833,12.91074],[77.5581,12.91047],[77.55712,12.91059]]]},"properties":{"ward_id":6950,"ward_no":205,"name":"Vikram Nagar","lgd_code":null,"area_km2":1.25,"centroid":[12.90303,77.55587]}},{"type":"Feature","geometry":{"type":"Polygon","coordinates":[[[77.57845,12.8383],[77.57904,12.83826],[77.58202,12.83705],[77.58318,12.84188],[77.58721,12.84675],[77.58832,12.84902],[77.58885,12.84873],[77.58942,12.85008],[77.59058,12.84987],[77.59275,12.85064],[77.59349,12.85213],[77.59495,12.85947],[77.59669,12.86201],[77.59603,12.86217],[77.59518,12.86379],[77.59465,12.86221],[77.59236,12.86253],[77.59201,12.86205],[77.59052,12.86236],[77.59419,12.87297],[77.59295,12.87272],[77.59266,12.8721],[77.59036,12.87053],[77.58797,12.86937],[77.58528,12.87035],[77.58499,12.86817],[77.58415,12.86831],[77.58408,12.86709],[77.58301,12.86719],[77.58187,12.86774],[77.58187,12.86747],[77.58131,12.86729],[77.5809,12.86574],[77.57966,12.86557],[77.58032,12.86338],[77.57998,12.85831],[77.57946,12.85848],[77.57808,12.85381],[77.57787,12.85374],[77.57618,12.84883],[77.57619,12.84783],[77.57549,12.84561],[77.57314,12.83913],[77.57803,12.83834],[77.57845,12.8383]]]},"properties":{"ward_id":6951,"ward_no":225,"name":"Gottigere","lgd_code":null,"area_km2":4.76,"centroid":[12.85771,77.58558]}},{"type":"Feature","geometry":{"type":"Polygon","coordinates":[[[77.57961,12.93192],[77.57858,12.93195],[77.57859,12.93162],[77.57587,12.93161],[77.57606,12.93119],[77.57535,12.93097],[77.57367,12.93095],[77.57365,12.92938],[77.56931,12.92994],[77.569,12.92722],[77.5694,12.92707],[77.56927,12.92654],[77.57031,12.92581],[77.57053,12.92482],[77.56865,12.91774],[77.56957,12.9155],[77.56997,12.91565],[77.5704,12.91634],[77.57289,12.91663],[77.57353,12.91698],[77.57351,12.91783],[77.5744,12.92084],[77.57356,12.92103],[77.57359,12.92356],[77.5797,12.92344],[77.57962,12.93165],[77.57961,12.93192]]]},"properties":{"ward_id":6952,"ward_no":201,"name":"Umamaheshwara Ward","lgd_code":null,"area_km2":1.24,"centroid":[12.92493,77.57341]}},{"type":"Feature","geometry":{"type":"Polygon","coordinates":[[[77.56538,12.91635],[77.56495,12.91648],[77.5641,12.91844],[77.56303,12.91971],[77.56202,12.91654],[77.56087,12.9149],[77.5596,12.91376],[77.56343,12.91321],[77.56318,12.91134],[77.56288,12.91135],[77.56272,12.91102],[77.56248,12.90896],[77.56216,12.90878],[77.55999,12.90985],[77.55929,12.90906],[77.55846,12.90863],[77.55799,12.90775],[77.55941,12.90659],[77.56072,12.90611],[77.56198,12.90542],[77.56186,12.90519],[77.56224,12.90503],[77.56255,12.90496],[77.56278,12.90541],[77.56501,12.9044],[77.57021,12.90869],[77.56727,12.91233],[77.56727,12.91257],[77.56835,12.91237],[77.56847,12.91287],[77.56831,12.91364],[77.56745,12.91389],[77.56829,12.91464],[77.56767,12.91484],[77.56807,12.91606],[77.56716,12.91617],[77.56654,12.91478],[77.56562,12.91492],[77.56591,12.91614],[77.56549,12.91648],[77.56543,12.91634],[77.56538,12.91635]]]},"properties":{"ward_id":6953,"ward_no":204,"name":"Kumaraswamy Layout","lgd_code":null,"area_km2":1.02,"centroid":[12.91185,77.56406]}},{"type":"Feature","geometry":{"type":"Polygon","coordinates":[[[77.55753,12.97094],[77.55798,12.97302],[77.5579,12.97374],[77.55871,12.97574],[77.55447,12.97557],[77.55306,12.97166],[77.55192,12.97036],[77.55426,12.96964],[77.55418,12.96911],[77.5545,12.96889],[77.55711,12.96938],[77.55718,12.97029],[77.55738,12.97025],[77.55753,12.97094]]]},"properties":{"ward_id":5187,"ward_no":156,"name":"Kempapura Agrahara","lgd_code":1302828,"area_km2":0.34,"centroid":[12.97143,77.55586]}},{"type":"Feature","geometry":{"type":"Polygon","coordinates":[[[77.61856,12.94597],[77.61779,12.94348],[77.6165,12.94414],[77.61611,12.94378],[77.61618,12.94177],[77.6105,12.94383],[77.60885,12.94416],[77.60884,12.94396],[77.6076,12.94404],[77.60856,12.94134],[77.61367,12.9317],[77.61926,12.92271],[77.62,12.92308],[77.62018,12.92275],[77.62123,12.92328],[77.6208,12.92401],[77.62106,12.92417],[77.62023,12.92476],[77.62027,12.92513],[77.61998,12.92549],[77.62312,12.93309],[77.62409,12.93491],[77.62228,12.93608],[77.62198,12.93568],[77.61857,12.93776],[77.61921,12.9391],[77.62026,12.94052],[77.62269,12.94249],[77.61856,12.94593],[77.61856,12.94597]]]},"properties":{"ward_id":5250,"ward_no":187,"name":"Adugodi","lgd_code":1302859,"area_km2":2.06,"centroid":[12.93549,77.61783]}},{"type":"Feature","geometry":{"type":"Polygon","coordinates":[[[77.63011,13.02952],[77.62887,13.02993],[77.62817,13.0276],[77.62539,13.02818],[77.62515,13.02738],[77.62553,13.02552],[77.62677,13.02249],[77.62625,13.02116],[77.62335,13.02118],[77.6235,13.01941],[77.62324,13.01761],[77.62154,13.01347],[77.62415,13.01255],[77.62407,13.01232],[77.62549,13.0118],[77.62564,13.01207],[77.62712,13.01172],[77.62707,13.01137],[77.62895,13.01101],[77.62881,13.01041],[77.62972,13.0103],[77.63082,13.00956],[77.63152,13.01025],[77.63195,13.00971],[77.63258,13.00983],[77.6325,13.0091],[77.63542,13.00934],[77.63513,13.01093],[77.63537,13.01272],[77.63128,13.01295],[77.63124,13.01379],[77.631,13.01379],[77.63093,13.01444],[77.63061,13.01443],[77.63062,13.01532],[77.62923,13.01607],[77.62989,13.01791],[77.63005,13.02041],[77.63349,13.0205],[77.63378,13.02246],[77.63066,13.02251],[77.63213,13.02689],[77.63276,13.02775],[77.63194,13.02817],[77.63153,13.02911],[77.63078,13.02933],[77.63011,13.02952]]]},"properties":{"ward_id":5071,"ward_no":98,"name":"Kacharkanahalli","lgd_code":1302770,"area_km2":1.63,"centroid":[13.0177,77.62926]}},{"type":"Feature","geometry":{"type":"Polygon","coordinates":[[[77.63239,12.939],[77.62967,12.94507],[77.62728,12.94907],[77.62592,12.95015],[77.62333,12.95081],[77.6215,12.95166],[77.62076,12.95004],[77.622,12.94919],[77.6237,12.9473],[77.62383,12.94617],[77.62481,12.94547],[77.62595,12.94375],[77.62565,12.94355],[77.626,12.943],[77.62614,12.94179],[77.6269,12.94139],[77.62703,12.94066],[77.62587,12.94029],[77.62539,12.93983],[77.62602,12.93841],[77.62687,12.93725],[77.62965,12.93441],[77.63107,12.93561],[77.63274,12.93412],[77.63307,12.93444],[77.63385,12.93368],[77.63444,12.93459],[77.63568,12.93495],[77.6333,12.93734],[77.63264,12.93851],[77.63239,12.939]]]},"properties":{"ward_id":5246,"ward_no":185,"name":"Ejipura","lgd_code":1302857,"area_km2":1.05,"centroid":[12.94172,77.62778]}},{"type":"Feature","geometry":{"type":"Polygon","coordinates":[[[77.64521,13.02347],[77.63965,13.02589],[77.63581,13.02663],[77.63276,13.02775],[77.63213,13.02689],[77.63066,13.02251],[77.63378,13.02246],[77.63349,13.0205],[77.63005,13.02041],[77.62989,13.01791],[77.62923,13.01607],[77.63062,13.01532],[77.63061,13.01443],[77.63093,13.01444],[77.631,13.01379],[77.63124,13.01379],[77.63128,13.01295],[77.63537,13.01272],[77.63576,13.01441],[77.63936,13.014],[77.63946,13.01272],[77.64038,13.01276],[77.64041,13.01242],[77.64125,13.01243],[77.64142,13.01164],[77.64276,13.01188],[77.64243,13.01378],[77.64277,13.01525],[77.64478,13.01499],[77.64519,13.02296],[77.64521,13.02347]]]},"properties":{"ward_id":5074,"ward_no":99,"name":"HRBR Layout","lgd_code":1302771,"area_km2":2.09,"centroid":[13.01724,77.63632]}},{"type":"Feature","geometry":{"type":"Polygon","coordinates":[[[77.61258,13.02879],[77.6133,13.02997],[77.61175,13.03103],[77.61243,13.03232],[77.61114,13.03498],[77.61028,13.03821],[77.60807,13.03007],[77.60645,13.02685],[77.60429,13.02742],[77.5997,13.02786],[77.60009,13.0267],[77.60067,13.02622],[77.60043,13.0257],[77.60045,13.02474],[77.5999,13.02351],[77.60094,13.02299],[77.59974,13.01971],[77.59846,13.01789],[77.59768,13.01622],[77.59764,13.01558],[77.59585,13.01265],[77.59539,13.01138],[77.60146,13.00852],[77.60238,13.01087],[77.60281,13.01265],[77.60163,13.01282],[77.60205,13.01448],[77.60231,13.01494],[77.60259,13.01483],[77.60321,13.01614],[77.60366,13.01649],[77.60316,13.01671],[77.60329,13.01712],[77.60457,13.01744],[77.60538,13.01725],[77.60518,13.01553],[77.60496,13.01541],[77.60853,13.01508],[77.6085,13.01624],[77.60772,13.01633],[77.60751,13.01694],[77.60784,13.01949],[77.60864,13.01921],[77.6101,13.02221],[77.60834,13.02276],[77.60802,13.02264],[77.6082,13.02395],[77.60898,13.02585],[77.61088,13.02533],[77.61127,13.02647],[77.61083,13.02665],[77.6116,13.02817],[77.61201,13.02788],[77.61258,13.02879]]]},"properties":{"ward_id":5023,"ward_no":74,"name":"Kaval Bairasandra","lgd_code":1302746,"area_km2":2.09,"centroid":[13.02127,77.60519]}},{"type":"Feature","geometry":{"type":"Polygon","coordinates":[[[77.59651,12.94529],[77.59486,12.9465],[77.59417,12.94744],[77.59309,12.94662],[77.59346,12.9464],[77.59287,12.9455],[77.59293,12.94523],[77.59253,12.94549],[77.59215,12.94431],[77.59144,12.94432],[77.59106,12.94349],[77.59132,12.94335],[77.59086,12.94263],[77.59126,12.94244],[77.59122,12.94215],[77.59344,12.94153],[77.59254,12.94046],[77.59273,12.93528],[77.5925,12.92848],[77.6005,12.9283],[77.60071,12.93152],[77.6017,12.93709],[77.59938,12.93761],[77.59807,12.93904],[77.59766,12.93995],[77.59705,12.9444],[77.59673,12.9451],[77.59651,12.94529]]]},"properties":{"ward_id":5227,"ward_no":176,"name":"Someshwara Nagar","lgd_code":1302848,"area_km2":1.47,"centroid":[12.94148,77.59455]}},{"type":"Feature","geometry":{"type":"Polygon","coordinates":[[[77.59287,12.9455],[77.59346,12.9464],[77.59309,12.94662],[77.59324,12.94687],[77.59417,12.94744],[77.5935,12.94874],[77.59081,12.94733],[77.58988,12.94638],[77.58747,12.94603],[77.58581,12.94534],[77.58532,12.94451],[77.58525,12.94359],[77.57775,12.94363],[77.57755,12.94446],[77.57379,12.94452],[77.57379,12.94069],[77.57776,12.9406],[77.57768,12.93969],[77.58003,12.93678],[77.58573,12.9366],[77.58627,12.9364],[77.5877,12.93517],[77.58915,12.93581],[77.58994,12.9355],[77.59012,12.93632],[77.59056,12.93613],[77.59104,12.93667],[77.5927,12.9362],[77.59254,12.94046],[77.59344,12.94153],[77.59122,12.94215],[77.59126,12.94244],[77.59086,12.94263],[77.59132,12.94335],[77.59106,12.94349],[77.59144,12.94432],[77.59215,12.94431],[77.59253,12.94549],[77.59293,12.94523],[77.5929,12.94545],[77.59287,12.9455]]]},"properties":{"ward_id":5226,"ward_no":175,"name":"Ashoka Pillar","lgd_code":1302847,"area_km2":1.68,"centroid":[12.94227,77.58825]}},{"type":"Feature","geometry":{"type":"Polygon","coordinates":[[[77.6103,12.9491],[77.60579,12.9498],[77.60569,12.95012],[77.60344,12.95051],[77.60242,12.94736],[77.60284,12.9441],[77.60263,12.94214],[77.59726,12.94319],[77.59766,12.93995],[77.59847,12.9384],[77.59938,12.93761],[77.6017,12.93706],[77.60509,12.93665],[77.60538,12.93929],[77.60585,12.93919],[77.60592,12.93959],[77.60778,12.93921],[77.60776,12.94038],[77.60739,12.94172],[77.60775,12.94182],[77.60756,12.94237],[77.60803,12.94255],[77.6076,12.94404],[77.60884,12.94396],[77.60885,12.94416],[77.6105,12.94383],[77.61618,12.94177],[77.61611,12.94378],[77.6165,12.94414],[77.61779,12.94348],[77.61846,12.94591],[77.61932,12.94745],[77.61686,12.94925],[77.61167,12.94931],[77.61104,12.94897],[77.6103,12.9491]]]},"properties":{"ward_id":5251,"ward_no":188,"name":"Lakkasandra","lgd_code":1302860,"area_km2":1.78,"centroid":[12.94349,77.60788]}},{"type":"Feature","geometry":{"type":"Polygon","coordinates":[[[77.58933,12.95685],[77.58902,12.95694],[77.58833,12.95481],[77.5914,12.95383],[77.59055,12.95153],[77.59177,12.95104],[77.59291,12.94998],[77.59433,12.94712],[77.59696,12.94479],[77.59726,12.94319],[77.60263,12.94214],[77.60284,12.9441],[77.60242,12.94736],[77.60346,12.95055],[77.60024,12.94978],[77.59223,12.95605],[77.5896,12.95677],[77.58933,12.95685]]]},"properties":{"ward_id":5230,"ward_no":177,"name":"Hombegowda Nagara","lgd_code":1302849,"area_km2":1.08,"centroid":[12.9504,77.59502]}},{"type":"Feature","geometry":{"type":"Polygon","coordinates":[[[77.59056,12.95154],[77.58714,12.95272],[77.58549,12.95406],[77.58334,12.95466],[77.58075,12.95491],[77.57748,12.9562],[77.57353,12.95736],[77.56853,12.95713],[77.56858,12.95628],[77.56909,12.95631],[77.56924,12.95404],[77.56976,12.95406],[77.56981,12.95317],[77.57125,12.95322],[77.57153,12.94821],[77.5738,12.94828],[77.57379,12.94452],[77.57755,12.94446],[77.57775,12.94363],[77.58525,12.94359],[77.58532,12.94451],[77.58581,12.94534],[77.58747,12.94603],[77.58988,12.94638],[77.59081,12.94733],[77.5935,12.94874],[77.59286,12.95003],[77.59177,12.95104],[77.59055,12.95153],[77.59056,12.95154]]]},"properties":{"ward_id":5223,"ward_no":174,"name":"Vishveshwara Puram","lgd_code":1302846,"area_km2":2.49,"centroid":[12.95066,77.58042]}},{"type":"Feature","geometry":{"type":"Polygon","coordinates":[[[77.65857,13.01775],[77.64521,13.02347],[77.64478,13.01499],[77.64277,13.01525],[77.64243,13.01378],[77.64276,13.01188],[77.64195,13.01178],[77.64209,13.01072],[77.64189,13.00819],[77.64308,13.00895],[77.64285,13.00622],[77.64553,13.00639],[77.6467,13.00799],[77.64798,13.00753],[77.64974,13.00746],[77.65157,13.00669],[77.65126,13.00608],[77.65288,13.00582],[77.6562,13.00907],[77.65817,13.01048],[77.66233,13.01241],[77.66202,13.01603],[77.66171,13.01641],[77.66037,13.01696],[77.65857,13.01775]]]},"properties":{"ward_id":5075,"ward_no":100,"name":"Banasavadi","lgd_code":1302772,"area_km2":2.62,"centroid":[13.01135,77.64979]}},{"type":"Feature","geometry":{"type":"Polygon","coordinates":[[[77.63729,13.04281],[77.63656,13.04213],[77.63674,13.04103],[77.63606,13.04072],[77.63527,13.04106],[77.63464,13.04258],[77.63363,13.0426],[77.63345,13.04183],[77.63237,13.0421],[77.63154,13.04292],[77.63104,13.04251],[77.63034,13.04263],[77.6297,13.04222],[77.62924,13.04258],[77.62868,13.04232],[77.62813,13.04331],[77.62867,13.04403],[77.62808,13.04438],[77.62784,13.04519],[77.62749,13.04551],[77.6256,13.04321],[77.62353,13.03832],[77.6225,13.03832],[77.62251,13.03851],[77.62184,13.03858],[77.62186,13.03918],[77.62147,13.03925],[77.62139,13.03878],[77.62005,13.03914],[77.62025,13.04001],[77.61848,13.04096],[77.61735,13.04089],[77.61594,13.0412],[77.61387,13.0421],[77.612,13.04253],[77.6115,13.04035],[77.61028,13.03821],[77.61115,13.03494],[77.61282,13.03246],[77.61342,13.03406],[77.61399,13.03699],[77.61906,13.03598],[77.61889,13.03447],[77.6194,13.03441],[77.61984,13.03529],[77.61993,13.03761],[77.62072,13.03762],[77.62067,13.03705],[77.62544,13.03601],[77.62425,13.03354],[77.62376,13.03125],[77.6252,13.03081],[77.62468,13.02969],[77.6258,13.02969],[77.62853,13.02901],[77.62887,13.02993],[77.63153,13.02911],[77.63194,13.02817],[77.63272,13.02777],[77.6335,13.02869],[77.63658,13.02777],[77.6376,13.02799],[77.63792,13.03002],[77.6394,13.03138],[77.63985,13.03258],[77.6418,13.03539],[77.64212,13.0357],[77.6424,13.03514],[77.64271,13.03508],[77.64318,13.03533],[77.64323,13.03591],[77.64494,13.03588],[77.64442,13.03623],[77.64377,13.03897],[77.64237,13.03898],[77.64146,13.03951],[77.64133,13.04249],[77.63926,13.04331],[77.63801,13.04322],[77.63734,13.04285],[77.63729,13.04281]]]},"properties":{"ward_id":5063,"ward_no":94,"name":"Hennur","lgd_code":1302766,"area_km2":3.54,"centroid":[13.03765,77.62879]}},{"type":"Feature","geometry":{"type":"Polygon","coordinates":[[[77.61201,13.00187],[77.61119,13.00209],[77.6109,13.00189],[77.60641,13.00345],[77.60741,13.00525],[77.60512,13.00641],[77.60494,13.00598],[77.6047,13.00606],[77.6038,13.00432],[77.60387,13.00353],[77.60259,13.00156],[77.60233,13.00132],[77.60152,13.00144],[77.60185,12.99988],[77.6046,12.99867],[77.60509,12.99779],[77.60647,12.99782],[77.60685,12.99949],[77.60877,12.99897],[77.60563,12.99424],[77.60068,12.9957],[77.59659,12.99444],[77.60182,12.99249],[77.60286,12.9924],[77.60387,12.99273],[77.60498,12.99135],[77.60536,12.99015],[77.60716,12.99032],[77.60735,12.99341],[77.60882,12.99346],[77.61116,12.99175],[77.61386,12.99065],[77.61931,12.9872],[77.61955,12.98986],[77.61936,12.99169],[77.6176,12.99509],[77.61678,12.99575],[77.61794,12.99828],[77.61898,12.99877],[77.62018,12.99996],[77.61801,13.00145],[77.61642,13.002],[77.61482,13.00216],[77.61215,13.0016],[77.6121,13.00176],[77.61201,13.00187]]]},"properties":{"ward_id":5035,"ward_no":80,"name":"Pulikeshinagar","lgd_code":1302752,"area_km2":2.2,"centroid":[12.99792,77.60897]}},{"type":"Feature","geometry":{"type":"Polygon","coordinates":[[[77.58392,13.06466],[77.58132,13.06657],[77.57416,13.06181],[77.57145,13.06383],[77.57111,13.06317],[77.56822,13.06286],[77.56729,13.0624],[77.56655,13.06098],[77.56761,13.06019],[77.56778,13.05982],[77.5693,13.05926],[77.5696,13.05771],[77.57054,13.0568],[77.56414,13.04559],[77.56613,13.0466],[77.57832,13.04765],[77.57868,13.04987],[77.57959,13.05221],[77.5779,13.053],[77.57963,13.05605],[77.58008,13.05584],[77.58038,13.05649],[77.57921,13.05697],[77.57977,13.05819],[77.58078,13.05778],[77.58219,13.06237],[77.5835,13.06412],[77.58392,13.06466]]]},"properties":{"ward_id":4899,"ward_no":12,"name":"Kodigehalli","lgd_code":1303150,"area_km2":2.43,"centroid":[13.05788,77.57478]}},{"type":"Feature","geometry":{"type":"Polygon","coordinates":[[[77.61282,13.08665],[77.61243,13.08768],[77.61165,13.08835],[77.60973,13.09103],[77.60812,13.09435],[77.60753,13.09442],[77.60602,13.09406],[77.60598,13.09345],[77.60664,13.092],[77.6065,13.09188],[77.60681,13.09125],[77.60709,13.09128],[77.60804,13.08836],[77.60702,13.08819],[77.60563,13.08739],[77.60252,13.08613],[77.60286,13.08584],[77.60175,13.08017],[77.60196,13.08016],[77.60175,13.07811],[77.60217,13.07804],[77.60199,13.07698],[77.60162,13.07678],[77.60154,13.07588],[77.60179,13.07577],[77.60135,13.07296],[77.60061,13.07289],[77.59999,13.0703],[77.60341,13.06879],[77.6033,13.06451],[77.60776,13.0648],[77.60943,13.06417],[77.60922,13.06308],[77.61082,13.06253],[77.61257,13.06152],[77.61368,13.06052],[77.61427,13.05956],[77.61502,13.05615],[77.61577,13.05576],[77.61633,13.05176],[77.61685,13.05142],[77.61778,13.05142],[77.61821,13.05032],[77.6183,13.04844],[77.61711,13.04806],[77.61451,13.04848],[77.61231,13.04783],[77.61171,13.04734],[77.61138,13.04671],[77.61204,13.04586],[77.61237,13.04407],[77.61279,13.04323],[77.61361,13.04217],[77.61454,13.0417],[77.61735,13.04089],[77.61848,13.04096],[77.61976,13.04034],[77.62025,13.04001],[77.62005,13.03914],[77.62139,13.03878],[77.62147,13.03925],[77.62186,13.03918],[77.62184,13.03858],[77.62251,13.03851],[77.6225,13.03832],[77.62353,13.03832],[77.6256,13.04321],[77.62745,13.04545],[77.62982,13.04928],[77.62831,13.04962],[77.62918,13.05148],[77.63016,13.05481],[77.62929,13.05524],[77.62701,13.05581],[77.62867,13.06038],[77.62968,13.06227],[77.62894,13.06292],[77.62892,13.06357],[77.63014,13.06795],[77.62637,13.06877],[77.62672,13.07034],[77.62824,13.07016],[77.62827,13.07214],[77.63243,13.07177],[77.6331,13.07424],[77.63373,13.07418],[77.63376,13.07654],[77.62937,13.07897],[77.6273,13.07961],[77.62499,13.0814],[77.62507,13.08229],[77.62327,13.08289],[77.62369,13.08299],[77.62361,13.0847],[77.62411,13.08712],[77.62372,13.08775],[77.62399,13.08853],[77.62162,13.08863],[77.61933,13.08805],[77.61911,13.08831],[77.61816,13.08821],[77.61669,13.08772],[77.61499,13.0875],[77.61411,13.08665],[77.61285,13.08665],[77.61282,13.08665]]]},"properties":{"ward_id":4891,"ward_no":8,"name":"Jakkuru","lgd_code":1303146,"area_km2":11.61,"centroid":[13.06734,77.61649]}},{"type":"Feature","geometry":{"type":"Polygon","coordinates":[[[77.64151,13.07729],[77.64094,13.07788],[77.64091,13.07839],[77.64013,13.07929],[77.63902,13.08155],[77.63862,13.08146],[77.63863,13.0818],[77.63835,13.08154],[77.63825,13.08171],[77.63727,13.08152],[77.63687,13.0817],[77.63655,13.08137],[77.63639,13.08059],[77.63423,13.08079],[77.63377,13.0774],[77.63373,13.07418],[77.6331,13.07424],[77.63243,13.07177],[77.62827,13.07214],[77.62824,13.07016],[77.62672,13.07034],[77.62637,13.06877],[77.63014,13.06795],[77.62892,13.06357],[77.62894,13.06292],[77.62968,13.06227],[77.62867,13.06038],[77.62701,13.05581],[77.62929,13.05524],[77.63017,13.05475],[77.62908,13.05121],[77.62831,13.04962],[77.62982,13.04928],[77.62749,13.04551],[77.62784,13.04519],[77.62808,13.04438],[77.62867,13.04403],[77.62815,13.04321],[77.6285,13.04292],[77.62868,13.04232],[77.62924,13.04258],[77.6297,13.04222],[77.63034,13.04263],[77.63104,13.04251],[77.63154,13.04292],[77.63237,13.0421],[77.6331,13.04183],[77.63354,13.04185],[77.63363,13.0426],[77.63464,13.04258],[77.63491,13.04218],[77.63483,13.04177],[77.63534,13.04101],[77.63606,13.04072],[77.63674,13.04103],[77.63656,13.04213],[77.63729,13.04281],[77.6371,13.04468],[77.63833,13.05006],[77.63814,13.0501],[77.63843,13.05155],[77.63778,13.05181],[77.63834,13.05453],[77.63815,13.05464],[77.63836,13.0575],[77.63819,13.06153],[77.6387,13.06654],[77.63953,13.06969],[77.63949,13.07493],[77.63831,13.07516],[77.63956,13.07667],[77.64142,13.07722],[77.64151,13.07729]]]},"properties":{"ward_id":4890,"ward_no":7,"name":"Thanisandra","lgd_code":1303145,"area_km2":4.12,"centroid":[13.05942,77.63401]}},{"type":"Feature","geometry":{"type":"Polygon","coordinates":[[[77.59345,13.05771],[77.59345,13.05843],[77.59122,13.05917],[77.58392,13.06466],[77.58219,13.06237],[77.58078,13.05778],[77.57977,13.05819],[77.57921,13.05697],[77.58038,13.05649],[77.58008,13.05584],[77.57963,13.05605],[77.5779,13.053],[77.57959,13.05221],[77.57868,13.04987],[77.57832,13.04765],[77.57955,13.04729],[77.58237,13.04504],[77.5855,13.04316],[77.58856,13.04258],[77.59057,13.04311],[77.59002,13.04161],[77.59267,13.04106],[77.59542,13.04127],[77.60737,13.04085],[77.60823,13.04053],[77.60944,13.03965],[77.61028,13.03821],[77.6115,13.04035],[77.612,13.04253],[77.61361,13.04217],[77.61247,13.04377],[77.61204,13.04586],[77.61138,13.04671],[77.6114,13.04702],[77.61222,13.04784],[77.6118,13.04944],[77.61043,13.04972],[77.61028,13.05034],[77.60844,13.05088],[77.60731,13.05154],[77.60681,13.05237],[77.60228,13.054],[77.59932,13.05475],[77.59946,13.05517],[77.59826,13.05575],[77.59751,13.05575],[77.59722,13.05542],[77.59347,13.05591],[77.59349,13.05729],[77.59345,13.05771]]]},"properties":{"ward_id":4895,"ward_no":10,"name":"Kempapura","lgd_code":1303148,"area_km2":5.84,"centroid":[13.05011,77.59615]}},{"type":"Feature","geometry":{"type":"Polygon","coordinates":[[[77.60061,13.07289],[77.59745,13.07272],[77.59271,13.07344],[77.59328,13.06429],[77.59347,13.05591],[77.59722,13.05542],[77.59751,13.05575],[77.59826,13.05575],[77.59946,13.05517],[77.59932,13.05475],[77.60228,13.054],[77.60681,13.05237],[77.60731,13.05154],[77.60844,13.05088],[77.61028,13.05034],[77.61043,13.04972],[77.6118,13.04944],[77.61219,13.04777],[77.61451,13.04848],[77.61711,13.04806],[77.6183,13.04844],[77.61821,13.05032],[77.61778,13.05142],[77.61685,13.05142],[77.61633,13.05176],[77.61577,13.05576],[77.61502,13.05615],[77.61433,13.05942],[77.61368,13.06052],[77.61219,13.06175],[77.61082,13.06253],[77.60922,13.06308],[77.60943,13.06417],[77.60799,13.06474],[77.6033,13.06451],[77.60341,13.06879],[77.59999,13.0703],[77.60028,13.0715],[77.60061,13.07289]]]},"properties":{"ward_id":4894,"ward_no":9,"name":"Amrutahalli","lgd_code":1303147,"area_km2":3.95,"centroid":[13.05777,77.60719]}},{"type":"Feature","geometry":{"type":"Polygon","coordinates":[[[77.63313,13.00427],[77.63137,13.00472],[77.62753,13.00627],[77.62699,13.00489],[77.62842,13.00443],[77.6283,13.00409],[77.62796,13.0042],[77.62751,13.00246],[77.62857,13.00229],[77.62826,13.00119],[77.627,13.00089],[77.62516,12.9997],[77.62321,12.99805],[77.62239,12.998],[77.62543,12.99555],[77.62695,12.99494],[77.62915,12.99447],[77.62889,12.99419],[77.63734,12.99268],[77.63747,12.99367],[77.63789,12.99363],[77.63798,12.99391],[77.63794,12.9951],[77.64045,12.99487],[77.64066,12.99568],[77.64123,12.99539],[77.64132,12.99578],[77.64272,12.9958],[77.64058,12.99892],[77.63853,13.00268],[77.63634,13.00388],[77.63665,13.00423],[77.63492,13.00397],[77.63315,13.00426],[77.63313,13.00427]]]},"properties":{"ward_id":5082,"ward_no":103,"name":"Maruthi Seva Nagar","lgd_code":1302775,"area_km2":1.8,"centroid":[12.99938,77.63269]}},{"type":"Feature","geometry":{"type":"Polygon","coordinates":[[[77.57924,12.92344],[77.57359,12.92356],[77.57356,12.92103],[77.5744,12.92084],[77.57351,12.91783],[77.57345,12.9143],[77.57291,12.91142],[77.58098,12.91065],[77.5857,12.91048],[77.5858,12.91701],[77.58945,12.91691],[77.58948,12.91881],[77.5951,12.9189],[77.59514,12.9205],[77.59341,12.92052],[77.59342,12.92158],[77.58587,12.92166],[77.5859,12.92329],[77.5797,12.92344],[77.57924,12.92344]]]},"properties":{"ward_id":5270,"ward_no":197,"name":"Shakambari Nagar","lgd_code":1302869,"area_km2":2.22,"centroid":[12.91875,77.58319]}},{"type":"Feature","geometry":{"type":"Polygon","coordinates":[[[77.61972,13.00903],[77.61908,13.00891],[77.61857,13.0094],[77.61534,13.01076],[77.6132,13.00841],[77.61273,13.00742],[77.61201,13.00187],[77.61215,13.0016],[77.6141,13.0021],[77.61642,13.002],[77.61801,13.00145],[77.62018,12.99996],[77.62035,13.00135],[77.62074,13.00229],[77.61968,13.00315],[77.61955,13.00377],[77.62061,13.00571],[77.62266,13.00827],[77.62179,13.00869],[77.62095,13.00966],[77.61984,13.00909],[77.61972,13.00903]]]},"properties":{"ward_id":5034,"ward_no":79,"name":"Sagayarapuram","lgd_code":1302751,"area_km2":0.81,"centroid":[13.00547,77.61798]}},{"type":"Feature","geometry":{"type":"Polygon","coordinates":[[[77.639,13.014],[77.63576,13.01441],[77.63514,13.01111],[77.63542,13.00934],[77.6329,13.00912],[77.6329,13.00718],[77.63351,13.00711],[77.63362,13.00679],[77.63313,13.00427],[77.63492,13.00397],[77.63665,13.00423],[77.63807,13.00544],[77.64285,13.00622],[77.64308,13.00895],[77.64189,13.00819],[77.64209,13.01072],[77.64195,13.01178],[77.64142,13.01164],[77.64125,13.01243],[77.64041,13.01242],[77.64038,13.01276],[77.63946,13.01272],[77.63936,13.014],[77.63909,13.014],[77.639,13.014]]]},"properties":{"ward_id":5078,"ward_no":101,"name":"Kammanahalli","lgd_code":1302773,"area_km2":0.82,"centroid":[13.0097,77.63809]}},{"type":"Feature","geometry":{"type":"Polygon","coordinates":[[[77.61616,13.028],[77.61547,13.02917],[77.61192,13.03334],[77.61243,13.03228],[77.61175,13.03103],[77.6133,13.02997],[77.61201,13.02788],[77.6116,13.02817],[77.61083,13.02665],[77.61127,13.02647],[77.61088,13.02533],[77.60898,13.02585],[77.60817,13.02381],[77.60802,13.02264],[77.60834,13.02276],[77.6101,13.02221],[77.60864,13.01921],[77.61221,13.01759],[77.61266,13.01746],[77.61285,13.01771],[77.61309,13.01675],[77.61387,13.01659],[77.61377,13.01616],[77.61599,13.01561],[77.6159,13.01534],[77.61731,13.0149],[77.61865,13.01851],[77.61911,13.0213],[77.61785,13.02111],[77.61737,13.02037],[77.61543,13.02052],[77.61455,13.02082],[77.61407,13.02065],[77.61382,13.02019],[77.61276,13.02039],[77.61254,13.02353],[77.61316,13.02504],[77.61372,13.02595],[77.61612,13.02783],[77.61616,13.028]]]},"properties":{"ward_id":5026,"ward_no":75,"name":"Kushal Nagar","lgd_code":1302747,"area_km2":0.89,"centroid":[13.0228,77.61325]}},{"type":"Feature","geometry":{"type":"Polygon","coordinates":[[[77.62337,13.01275],[77.62154,13.01347],[77.62085,13.01194],[77.62063,13.01099],[77.62095,13.00966],[77.62179,13.00869],[77.62266,13.00827],[77.62061,13.00571],[77.61955,13.00377],[77.61968,13.00315],[77.62074,13.00229],[77.62035,13.00135],[77.62018,12.99996],[77.62239,12.998],[77.62282,12.99796],[77.62321,12.99805],[77.62516,12.9997],[77.627,13.00089],[77.62826,13.00119],[77.62857,13.00229],[77.62751,13.00246],[77.62796,13.0042],[77.6283,13.00409],[77.62842,13.00443],[77.62699,13.00489],[77.62753,13.00627],[77.63137,13.00472],[77.63313,13.00427],[77.63362,13.00679],[77.63351,13.00711],[77.6329,13.00718],[77.6329,13.00912],[77.6325,13.0091],[77.63258,13.00983],[77.63195,13.00971],[77.63152,13.01025],[77.63082,13.00956],[77.62972,13.0103],[77.62881,13.01041],[77.62895,13.01101],[77.62707,13.01137],[77.62712,13.01172],[77.62564,13.01207],[77.62549,13.0118],[77.62337,13.01275],[77.62337,13.01275]]]},"properties":{"ward_id":5079,"ward_no":102,"name":"Lingarajapura","lgd_code":1302774,"area_km2":1.42,"centroid":[13.00657,77.62644]}},{"type":"Feature","geometry":{"type":"Polygon","coordinates":[[[77.61901,13.02057],[77.61811,13.01679],[77.61617,13.01204],[77.61534,13.01076],[77.61857,13.0094],[77.61908,13.00891],[77.62013,13.00909],[77.62095,13.00966],[77.62065,13.01058],[77.6207,13.01149],[77.62328,13.01778],[77.62238,13.01802],[77.62257,13.0192],[77.62193,13.01929],[77.62212,13.02025],[77.61976,13.02055],[77.61901,13.02057]]]},"properties":{"ward_id":5070,"ward_no":97,"name":"Venkateshpura","lgd_code":1302769,"area_km2":0.59,"centroid":[13.01465,77.62005]}},{"type":"Feature","geometry":{"type":"Polygon","coordinates":[[[77.60541,13.01713],[77.60457,13.01744],[77.60329,13.01712],[77.60316,13.01671],[77.60366,13.01649],[77.60321,13.01614],[77.60259,13.01483],[77.60231,13.01494],[77.60205,13.01448],[77.60163,13.01282],[77.60281,13.01265],[77.60302,13.0132],[77.60364,13.01292],[77.604,13.01236],[77.60496,13.01224],[77.60739,13.01123],[77.60951,13.01093],[77.6101,13.012],[77.61122,13.01157],[77.6114,13.01332],[77.61114,13.01394],[77.60992,13.01488],[77.60495,13.01542],[77.60518,13.01553],[77.60542,13.01702],[77.60541,13.01713]]]},"properties":{"ward_id":5030,"ward_no":77,"name":"Devara Jeevanahalli","lgd_code":1302749,"area_km2":0.41,"centroid":[13.01429,77.60546]}},{"type":"Feature","geometry":{"type":"Polygon","coordinates":[[[77.60864,13.01921],[77.60784,13.01949],[77.60748,13.01717],[77.60772,13.01633],[77.6085,13.01624],[77.60853,13.0151],[77.60992,13.01488],[77.61121,13.01385],[77.6114,13.01332],[77.61122,13.01157],[77.61383,13.01079],[77.61487,13.01016],[77.61617,13.01204],[77.61731,13.0149],[77.6159,13.01534],[77.61599,13.01561],[77.61377,13.01616],[77.61387,13.01659],[77.61309,13.01675],[77.61285,13.01771],[77.61266,13.01746],[77.61221,13.01759],[77.60866,13.0192],[77.60864,13.01921]]]},"properties":{"ward_id":5027,"ward_no":76,"name":"Muneshwara Nagar","lgd_code":1302748,"area_km2":0.51,"centroid":[13.01554,77.6119]}},{"type":"Feature","geometry":{"type":"Polygon","coordinates":[[[77.60366,13.01282],[77.603,13.0132],[77.60146,13.00852],[77.60524,13.00667],[77.60512,13.00641],[77.60741,13.00525],[77.60641,13.00345],[77.6109,13.00189],[77.61119,13.00209],[77.6121,13.00189],[77.61244,13.00631],[77.61273,13.00742],[77.6132,13.00841],[77.61487,13.01016],[77.61383,13.01079],[77.6101,13.012],[77.60951,13.01093],[77.60891,13.01099],[77.60739,13.01123],[77.60496,13.01224],[77.604,13.01236],[77.60368,13.01275],[77.60366,13.01282]]]},"properties":{"ward_id":5031,"ward_no":78,"name":"S K Garden","lgd_code":1302750,"area_km2":0.95,"centroid":[13.00854,77.60828]}},{"type":"Feature","geometry":{"type":"Polygon","coordinates":[[[77.59175,12.93312],[77.59104,12.93322],[77.59097,12.93282],[77.59031,12.93302],[77.59015,12.93225],[77.59094,12.93193],[77.5905,12.93089],[77.59121,12.93055],[77.59106,12.93027],[77.59184,12.92996],[77.59157,12.92958],[77.59082,12.92926],[77.59037,12.92873],[77.59042,12.9285],[77.58945,12.92852],[77.58894,12.92768],[77.58955,12.92709],[77.59713,12.92689],[77.59702,12.92306],[77.60022,12.92301],[77.6002,12.92267],[77.60484,12.92255],[77.6051,12.92515],[77.60494,12.92515],[77.6051,12.92595],[77.60442,12.92631],[77.60467,12.927],[77.60436,12.92731],[77.60443,12.92751],[77.60474,12.92743],[77.60492,12.92804],[77.60329,12.92799],[77.6013,12.92693],[77.60111,12.92661],[77.60044,12.92661],[77.6005,12.9283],[77.5925,12.92848],[77.59259,12.93197],[77.59199,12.93198],[77.592,12.93253],[77.59173,12.93254],[77.59175,12.93312]]]},"properties":{"ward_id":5266,"ward_no":195,"name":"Tilak Nagar","lgd_code":1302867,"area_km2":0.7,"centroid":[12.92852,77.59635]}},{"type":"Feature","geometry":{"type":"Polygon","coordinates":[[[77.60827,12.92478],[77.60688,12.92503],[77.60696,12.92545],[77.60607,12.92561],[77.6051,12.92515],[77.60484,12.92255],[77.6002,12.92267],[77.5999,12.91673],[77.60723,12.91655],[77.60802,12.92003],[77.60885,12.92231],[77.60886,12.92288],[77.60842,12.92375],[77.60873,12.92388],[77.60853,12.92482],[77.60832,12.92476],[77.60827,12.92478]]]},"properties":{"ward_id":5263,"ward_no":194,"name":"Gurappanapalya","lgd_code":1302866,"area_km2":0.68,"centroid":[12.92293,77.60657]}},{"type":"Feature","geometry":{"type":"Polygon","coordinates":[[[77.5927,12.9362],[77.59104,12.93667],[77.59056,12.93613],[77.59012,12.93632],[77.58994,12.9355],[77.58915,12.93581],[77.58778,12.93516],[77.58627,12.9364],[77.58491,12.93663],[77.58486,12.9329],[77.57962,12.93304],[77.5797,12.92344],[77.5859,12.92329],[77.58587,12.92166],[77.59342,12.92158],[77.59341,12.92052],[77.60011,12.9205],[77.60022,12.92301],[77.59702,12.92306],[77.59713,12.92689],[77.58955,12.92709],[77.58894,12.92768],[77.58945,12.92852],[77.59042,12.9285],[77.59037,12.92873],[77.59082,12.92926],[77.59157,12.92958],[77.59184,12.92996],[77.59106,12.93027],[77.59121,12.93055],[77.5905,12.93089],[77.59094,12.93193],[77.59015,12.93225],[77.59031,12.93302],[77.59097,12.93282],[77.59104,12.93322],[77.59175,12.93312],[77.59199,12.93198],[77.59259,12.93197],[77.5927,12.93608],[77.5927,12.9362]]]},"properties":{"ward_id":5267,"ward_no":196,"name":"Byrasandra","lgd_code":1302868,"area_km2":2.2,"centroid":[12.9303,77.59045]}},{"type":"Feature","geometry":{"type":"Polygon","coordinates":[[[77.63928,12.92414],[77.63676,12.92534],[77.62908,12.92416],[77.623,12.92276],[77.62026,12.92109],[77.62265,12.91728],[77.62564,12.91765],[77.62851,12.9168],[77.63817,12.91595],[77.63845,12.92039],[77.63993,12.92383],[77.63929,12.92406],[77.63928,12.92414]]]},"properties":{"ward_id":5258,"ward_no":191,"name":"Jakkasandra","lgd_code":1302863,"area_km2":1.53,"centroid":[12.92112,77.63175]}},{"type":"Feature","geometry":{"type":"Polygon","coordinates":[[[77.60953,12.93959],[77.60803,12.94255],[77.60756,12.94237],[77.60775,12.94182],[77.60739,12.94172],[77.60776,12.94038],[77.60778,12.93921],[77.60592,12.93959],[77.60585,12.93919],[77.60538,12.93929],[77.60509,12.93665],[77.60169,12.93706],[77.60071,12.93152],[77.60044,12.92661],[77.60111,12.92661],[77.6013,12.92693],[77.60329,12.92799],[77.60492,12.92804],[77.60474,12.92743],[77.60443,12.92751],[77.60436,12.92731],[77.60467,12.927],[77.60442,12.92631],[77.6051,12.92595],[77.60494,12.92515],[77.60619,12.92562],[77.60696,12.92545],[77.60688,12.92503],[77.60853,12.92482],[77.60873,12.92388],[77.60842,12.92375],[77.6089,12.92271],[77.60805,12.92005],[77.61029,12.91975],[77.61113,12.92158],[77.61032,12.92232],[77.60986,12.92342],[77.60869,12.92516],[77.61009,12.9323],[77.60961,12.93485],[77.61382,12.93167],[77.60984,12.93901],[77.60953,12.93959]]]},"properties":{"ward_id":5254,"ward_no":189,"name":"Suddagunte Palya","lgd_code":1302861,"area_km2":1.49,"centroid":[12.93036,77.60668]}},{"type":"Feature","geometry":{"type":"Polygon","coordinates":[[[77.56853,12.95713],[77.56336,12.95699],[77.56343,12.95395],[77.5623,12.95341],[77.56169,12.95337],[77.56179,12.95165],[77.56229,12.95081],[77.56227,12.95036],[77.56149,12.94926],[77.56235,12.94894],[77.56283,12.94911],[77.56424,12.94852],[77.5643,12.94174],[77.5651,12.94175],[77.56498,12.94101],[77.56397,12.9393],[77.56591,12.93933],[77.56599,12.94],[77.56665,12.94018],[77.56685,12.94153],[77.56785,12.9428],[77.56784,12.9436],[77.57378,12.94368],[77.5738,12.94828],[77.57153,12.94821],[77.57125,12.95322],[77.56981,12.95317],[77.56976,12.95406],[77.56924,12.95404],[77.56909,12.95631],[77.56858,12.95628],[77.56853,12.95713]]]},"properties":{"ward_id":5222,"ward_no":173,"name":"Sunkenahalli","lgd_code":1302845,"area_km2":1.48,"centroid":[12.94845,77.56622]}},{"type":"Feature","geometry":{"type":"Polygon","coordinates":[[[77.62734,12.93677],[77.62602,12.93841],[77.62539,12.93983],[77.62587,12.94029],[77.62703,12.94066],[77.6269,12.94139],[77.62614,12.94179],[77.626,12.943],[77.62565,12.94355],[77.62595,12.94375],[77.62481,12.94547],[77.624,12.9459],[77.6237,12.9473],[77.622,12.94919],[77.62076,12.95004],[77.6186,12.94609],[77.61875,12.94567],[77.62269,12.94249],[77.62026,12.94052],[77.61921,12.9391],[77.61857,12.93776],[77.62198,12.93568],[77.62228,12.93608],[77.62409,12.93491],[77.62312,12.93309],[77.61998,12.92549],[77.62027,12.92513],[77.62023,12.92476],[77.62106,12.92417],[77.6208,12.92401],[77.62123,12.92328],[77.62018,12.92275],[77.62,12.92308],[77.61926,12.92271],[77.62026,12.92109],[77.623,12.92276],[77.62908,12.92416],[77.63676,12.92534],[77.63928,12.92414],[77.63917,12.92584],[77.63974,12.92603],[77.6411,12.92597],[77.64132,12.92616],[77.64187,12.92821],[77.6419,12.92925],[77.63958,12.92969],[77.63952,12.93056],[77.63881,12.9309],[77.63568,12.93495],[77.63444,12.93459],[77.63385,12.93368],[77.63307,12.93444],[77.63274,12.93412],[77.63107,12.93561],[77.62965,12.93441],[77.62809,12.936],[77.62734,12.93677]]]},"properties":{"ward_id":5247,"ward_no":186,"name":"Koramangala","lgd_code":1302858,"area_km2":3.22,"centroid":[12.93396,77.6275]}},{"type":"Feature","geometry":{"type":"Polygon","coordinates":[[[77.6461,13.08434],[77.6466,13.08515],[77.64652,13.08628],[77.6427,13.08689],[77.64681,13.09532],[77.64757,13.09773],[77.64845,13.09916],[77.64912,13.10169],[77.65032,13.10466],[77.64385,13.10573],[77.64224,13.10549],[77.63702,13.10627],[77.63703,13.1074],[77.63747,13.10842],[77.63862,13.11342],[77.6306,13.12594],[77.62587,13.12746],[77.6184,13.1316],[77.61578,13.13121],[77.61221,13.12097],[77.61186,13.11868],[77.61186,13.1175],[77.61218,13.1174],[77.61161,13.11405],[77.6103,13.11107],[77.60971,13.1105],[77.60987,13.10815],[77.60932,13.10763],[77.60876,13.10757],[77.60896,13.10454],[77.60862,13.10454],[77.60893,13.10206],[77.60829,13.102],[77.60801,13.09943],[77.60731,13.09764],[77.60745,13.09614],[77.6081,13.09445],[77.60786,13.09445],[77.60812,13.09435],[77.60998,13.09062],[77.61165,13.08835],[77.61243,13.08768],[77.61282,13.08665],[77.61323,13.08658],[77.61436,13.08676],[77.61499,13.0875],[77.61669,13.08772],[77.61816,13.08821],[77.61911,13.08831],[77.61933,13.08805],[77.62162,13.08863],[77.62399,13.08853],[77.62372,13.08775],[77.62411,13.08712],[77.62361,13.0847],[77.62369,13.08299],[77.62327,13.08289],[77.62507,13.08229],[77.62499,13.0814],[77.6273,13.07961],[77.62937,13.07897],[77.63376,13.07654],[77.63423,13.08079],[77.63645,13.0806],[77.63655,13.08137],[77.63693,13.08174],[77.63725,13.08152],[77.63786,13.08175],[77.63835,13.08154],[77.63863,13.0818],[77.63878,13.08141],[77.63892,13.08166],[77.64013,13.07929],[77.64091,13.07839],[77.64094,13.07788],[77.64151,13.07729],[77.64215,13.07783],[77.64455,13.08232],[77.64596,13.0841],[77.6461,13.08434]],[[77.62915,13.10327],[77.62908,13.10245],[77.62233,13.10352],[77.62295,13.10727],[77.62104,13.10778],[77.62074,13.10811],[77.62147,13.10892],[77.62208,13.11015],[77.62582,13.11022],[77.63024,13.11129],[77.62816,13.10861],[77.62735,13.10796],[77.6269,13.10689],[77.62624,13.10613],[77.626,13.10502],[77.62714,13.10445],[77.6278,13.10508],[77.62947,13.10456],[77.62919,13.10341],[77.62915,13.10327]]]},"properties":{"ward_id":4887,"ward_no":6,"name":"Kogilu","lgd_code":1303144,"area_km2":16.76,"centroid":[13.09451,77.6263]}},{"type":"Feature","geometry":{"type":"Polygon","coordinates":[[[77.55928,12.9573],[77.55922,12.9594],[77.55576,12.95843],[77.55563,12.95718],[77.5549,12.95696],[77.55449,12.95818],[77.5512,12.95709],[77.54841,12.95657],[77.54958,12.95471],[77.54935,12.95473],[77.54912,12.95235],[77.55158,12.95207],[77.55277,12.95056],[77.5532,12.95083],[77.55395,12.95073],[77.5548,12.94979],[77.55499,12.95056],[77.55677,12.94997],[77.55807,12.95014],[77.55714,12.95118],[77.55565,12.95166],[77.55675,12.95356],[77.55731,12.95526],[77.55929,12.95691],[77.55928,12.9573]]]},"properties":{"ward_id":5215,"ward_no":170,"name":"Azad Nagar","lgd_code":1302842,"area_km2":0.68,"centroid":[12.95401,77.55455]}},{"type":"Feature","geometry":{"type":"Polygon","coordinates":[[[77.57488,12.96835],[77.57386,12.96639],[77.57022,12.96796],[77.57003,12.96419],[77.56969,12.9639],[77.56858,12.96047],[77.56203,12.96034],[77.56207,12.96157],[77.55806,12.96094],[77.55631,12.9599],[77.5552,12.95858],[77.55449,12.95818],[77.5549,12.95696],[77.55563,12.95718],[77.55576,12.95843],[77.55922,12.9594],[77.55929,12.95688],[77.55745,12.95545],[77.55653,12.95326],[77.55848,12.95313],[77.55981,12.95368],[77.5612,12.95334],[77.56222,12.9534],[77.56343,12.95395],[77.56336,12.95699],[77.57309,12.95724],[77.57365,12.95744],[77.57518,12.96135],[77.57617,12.96255],[77.57806,12.96674],[77.57544,12.96804],[77.57488,12.96835]]]},"properties":{"ward_id":5206,"ward_no":165,"name":"Chamrajapet","lgd_code":1302837,"area_km2":1.55,"centroid":[12.95955,77.56433]}},{"type":"Feature","geometry":{"type":"Polygon","coordinates":[[[77.6247,13.02979],[77.6252,13.03081],[77.62182,13.03205],[77.62089,13.02992],[77.62006,13.0262],[77.61698,13.02756],[77.61576,13.0288],[77.61612,13.02783],[77.61355,13.02578],[77.61254,13.02353],[77.61276,13.02039],[77.61382,13.02019],[77.61407,13.02065],[77.61455,13.02082],[77.61543,13.02052],[77.61737,13.02037],[77.61785,13.02111],[77.61911,13.0213],[77.61901,13.02057],[77.62212,13.02025],[77.62193,13.01929],[77.62257,13.0192],[77.62238,13.01802],[77.62328,13.01778],[77.6235,13.01941],[77.62335,13.02118],[77.62625,13.02116],[77.62677,13.02249],[77.62553,13.02552],[77.62515,13.02738],[77.62539,13.02818],[77.62817,13.0276],[77.62853,13.02901],[77.6258,13.02969],[77.62468,13.02969],[77.6247,13.02979]]]},"properties":{"ward_id":5067,"ward_no":96,"name":"Kadugondanahalli","lgd_code":1302768,"area_km2":1.32,"centroid":[13.02412,77.62077]}},{"type":"Feature","geometry":{"type":"Polygon","coordinates":[[[77.71236,12.98391],[77.71099,12.98418],[77.70862,12.98371],[77.70833,12.98395],[77.70847,12.98234],[77.70944,12.97886],[77.71222,12.97112],[77.71351,12.96817],[77.71413,12.96768],[77.71694,12.96731],[77.71795,12.96668],[77.71836,12.9659],[77.71835,12.96511],[77.71683,12.96237],[77.71642,12.96045],[77.71476,12.95588],[77.72398,12.95589],[77.72387,12.95228],[77.7249,12.94785],[77.72536,12.9476],[77.72502,12.94746],[77.72511,12.94622],[77.72544,12.94641],[77.72573,12.94617],[77.72692,12.94689],[77.72878,12.94704],[77.72878,12.94756],[77.72983,12.94751],[77.73092,12.94808],[77.73124,12.94811],[77.73181,12.9477],[77.73278,12.94777],[77.7329,12.9488],[77.73319,12.94882],[77.73314,12.94937],[77.73508,12.94986],[77.73666,12.95088],[77.73762,12.95114],[77.73748,12.95177],[77.73772,12.95209],[77.73956,12.95282],[77.74163,12.95321],[77.74296,12.95408],[77.74438,12.95666],[77.74479,12.95663],[77.74572,12.95752],[77.74754,12.96105],[77.74979,12.96858],[77.75055,12.97438],[77.752,12.98166],[77.75035,12.9823],[77.74887,12.98244],[77.74384,12.98376],[77.74403,12.98251],[77.74224,12.97892],[77.74136,12.97603],[77.73962,12.97652],[77.73973,12.97692],[77.73902,12.97726],[77.73648,12.97798],[77.73579,12.97634],[77.73402,12.97614],[77.73395,12.97591],[77.73361,12.97586],[77.71398,12.97781],[77.71461,12.98126],[77.71388,12.98074],[77.71224,12.98085],[77.71228,12.98385],[77.71236,12.98391]]]},"properties":{"ward_id":5095,"ward_no":110,"name":"Whitefield","lgd_code":1302782,"area_km2":10.98,"centroid":[12.96436,77.72943]}},{"type":"Feature","geometry":{"type":"Polygon","coordinates":[[[77.49897,12.9986],[77.49868,12.99876],[77.49885,12.99906],[77.4954,13.00014],[77.49506,13.0005],[77.4922,13.00084],[77.4914,12.99958],[77.48924,12.99826],[77.48964,12.99743],[77.48951,12.99566],[77.4879,12.99176],[77.48763,12.99153],[77.4852,12.99209],[77.48482,12.98687],[77.4851,12.98529],[77.48374,12.98497],[77.48154,12.98505],[77.48106,12.98209],[77.48511,12.98114],[77.48724,12.98027],[77.48694,12.97861],[77.48751,12.97748],[77.48751,12.97635],[77.48811,12.97622],[77.4881,12.97665],[77.48864,12.9774],[77.49024,12.97843],[77.49299,12.97869],[77.49296,12.97804],[77.49337,12.97804],[77.4932,12.97925],[77.49394,12.98164],[77.49563,12.9853],[77.49588,12.98645],[77.49755,12.98871],[77.49699,12.98857],[77.49694,12.9895],[77.49829,12.9905],[77.49839,12.99096],[77.49952,12.99157],[77.50071,12.99588],[77.50097,12.99585],[77.50148,12.99689],[77.49979,12.998],[77.49995,12.99853],[77.49911,12.99877],[77.49904,12.99857],[77.49897,12.9986]]]},"properties":{"ward_id":4935,"ward_no":30,"name":"Herohalli","lgd_code":1302702,"area_km2":2.9,"centroid":[12.98895,77.4926]}},{"type":"Feature","geometry":{"type":"Polygon","coordinates":[[[77.47399,13.00965],[77.47344,13.00876],[77.4731,13.00883],[77.47284,13.00727],[77.47625,13.00603],[77.47673,13.00619],[77.48226,13.00476],[77.48303,13.00423],[77.48579,13.00323],[77.48599,13.00446],[77.48775,13.00419],[77.48651,13.00556],[77.4858,13.0069],[77.48488,13.00797],[77.48372,13.00867],[77.48362,13.00904],[77.48293,13.00959],[77.48317,13.01294],[77.48415,13.01559],[77.4869,13.01516],[77.48822,13.01452],[77.48867,13.01361],[77.49089,13.01406],[77.49268,13.01414],[77.49545,13.01417],[77.49725,13.01381],[77.49912,13.01394],[77.49756,13.01777],[77.49576,13.01823],[77.49512,13.01998],[77.49459,13.02034],[77.49444,13.02017],[77.49399,13.02033],[77.49355,13.02123],[77.49361,13.02162],[77.49422,13.02204],[77.49512,13.02359],[77.49728,13.03179],[77.49819,13.03266],[77.4993,13.035],[77.49823,13.0353],[77.49834,13.03606],[77.49816,13.03608],[77.49826,13.03646],[77.49794,13.03652],[77.49805,13.03716],[77.49753,13.03725],[77.49738,13.03793],[77.49686,13.03799],[77.49611,13.03975],[77.49629,13.04181],[77.49803,13.04223],[77.49807,13.04253],[77.49801,13.04391],[77.49574,13.04447],[77.49618,13.04618],[77.49635,13.04906],[77.49665,13.04896],[77.49729,13.05061],[77.49258,13.05157],[77.49221,13.05038],[77.49199,13.04822],[77.49097,13.0451],[77.4895,13.04574],[77.48756,13.04612],[77.48214,13.04841],[77.48116,13.04828],[77.48024,13.04899],[77.48006,13.04864],[77.47962,13.04476],[77.48031,13.04337],[77.48126,13.04288],[77.48168,13.04176],[77.48256,13.04075],[77.48211,13.04002],[77.48134,13.03971],[77.48086,13.0384],[77.4801,13.03793],[77.47991,13.03564],[77.47868,13.03504],[77.47687,13.03152],[77.47953,13.02916],[77.47862,13.02635],[77.47834,13.02229],[77.47884,13.02213],[77.47828,13.01897],[77.47741,13.01715],[77.47694,13.01543],[77.47701,13.01484],[77.47526,13.01315],[77.47473,13.01122],[77.47403,13.00974],[77.47399,13.00965]]]},"properties":{"ward_id":4931,"ward_no":28,"name":"Dodda Bidarakallu","lgd_code":1302700,"area_km2":8.21,"centroid":[13.02713,77.48761]}},{"type":"Feature","geometry":{"type":"Polygon","coordinates":[[[77.55229,12.90775],[77.55246,12.90804],[77.54974,12.90892],[77.54958,12.90934],[77.54734,12.90759],[77.54502,12.90671],[77.54494,12.90632],[77.54553,12.90616],[77.54473,12.90389],[77.54428,12.90401],[77.54455,12.90336],[77.54396,12.90096],[77.54515,12.90066],[77.54506,12.90023],[77.54439,12.90032],[77.54432,12.89853],[77.5458,12.89814],[77.54623,12.89768],[77.5464,12.89861],[77.54688,12.89823],[77.54702,12.89892],[77.54843,12.89859],[77.54897,12.89821],[77.54911,12.89761],[77.54846,12.89625],[77.54743,12.89686],[77.54666,12.89327],[77.54686,12.89323],[77.54672,12.89278],[77.54744,12.8899],[77.54745,12.88823],[77.54872,12.88776],[77.5459,12.88477],[77.5468,12.88485],[77.54677,12.88441],[77.54728,12.88438],[77.5478,12.88391],[77.54773,12.88344],[77.54834,12.88337],[77.54827,12.88272],[77.54914,12.88272],[77.54918,12.88163],[77.55089,12.88112],[77.55145,12.8792],[77.5512,12.87732],[77.5514,12.87682],[77.552,12.87681],[77.55202,12.87661],[77.55166,12.87651],[77.55154,12.87536],[77.55248,12.87592],[77.55446,12.8755],[77.55444,12.87529],[77.55482,12.8752],[77.55513,12.87608],[77.55508,12.87787],[77.55567,12.8783],[77.55678,12.88134],[77.5568,12.88222],[77.55731,12.88368],[77.5529,12.88366],[77.55083,12.88408],[77.55994,12.88694],[77.56165,12.88804],[77.56431,12.8904],[77.56082,12.89137],[77.55947,12.89208],[77.55971,12.89413],[77.55912,12.89433],[77.559,12.89513],[77.55846,12.89531],[77.55832,12.89499],[77.55682,12.8957],[77.55591,12.89628],[77.55538,12.89695],[77.55587,12.89755],[77.55561,12.89797],[77.55583,12.89819],[77.55565,12.89856],[77.55651,12.9025],[77.55623,12.90257],[77.55635,12.90294],[77.55496,12.90341],[77.55343,12.90335],[77.55242,12.90382],[77.55146,12.90364],[77.55103,12.90392],[77.55089,12.90435],[77.55025,12.90447],[77.55032,12.90398],[77.54907,12.9042],[77.54909,12.90392],[77.5484,12.90345],[77.54835,12.90536],[77.54928,12.90777],[77.55205,12.90698],[77.55221,12.90748],[77.55229,12.90775]]]},"properties":{"ward_id":6954,"ward_no":219,"name":"Vasanthpura","lgd_code":null,"area_km2":3.46,"centroid":[12.89365,77.55126]}},{"type":"Feature","geometry":{"type":"Polygon","coordinates":[[[77.63504,12.90774],[77.63535,12.91623],[77.62851,12.9168],[77.62564,12.91765],[77.62378,12.91754],[77.62265,12.91728],[77.6246,12.91398],[77.64741,12.8769],[77.65002,12.87408],[77.65361,12.86957],[77.65548,12.86975],[77.65545,12.86906],[77.65636,12.869],[77.65664,12.86902],[77.65664,12.86958],[77.65712,12.86959],[77.65714,12.86897],[77.65767,12.86898],[77.6577,12.87042],[77.65767,12.87111],[77.65706,12.87127],[77.65549,12.87286],[77.65399,12.87355],[77.65462,12.87558],[77.65493,12.88038],[77.65297,12.88112],[77.65226,12.88186],[77.65015,12.88266],[77.64841,12.8837],[77.64489,12.88662],[77.64426,12.88782],[77.64348,12.88788],[77.64381,12.89141],[77.64406,12.89203],[77.64464,12.89232],[77.64488,12.89426],[77.64298,12.89429],[77.64277,12.89396],[77.64127,12.89391],[77.64025,12.8945],[77.63844,12.89452],[77.63861,12.8964],[77.63909,12.8972],[77.63909,12.89818],[77.63704,12.89824],[77.63716,12.89975],[77.63554,12.89998],[77.63569,12.90064],[77.63498,12.90078],[77.63497,12.90152],[77.63464,12.90152],[77.6348,12.90352],[77.63224,12.90372],[77.63253,12.90423],[77.63245,12.90666],[77.63504,12.90733],[77.63504,12.90774]]]},"properties":{"ward_id":6955,"ward_no":232,"name":"HSR - Singasandra","lgd_code":null,"area_km2":3.27,"centroid":[12.89017,77.64364]}},{"type":"Feature","geometry":{"type":"Polygon","coordinates":[[[77.67258,12.89308],[77.67383,12.8929],[77.67409,12.89366],[77.67535,12.89373],[77.67735,12.89426],[77.67959,12.8976],[77.68228,12.89996],[77.68255,12.90141],[77.68532,12.90188],[77.68555,12.90223],[77.68617,12.90244],[77.68747,12.90256],[77.68758,12.90334],[77.68626,12.90392],[77.68572,12.90444],[77.68731,12.90473],[77.68685,12.90645],[77.68775,12.90644],[77.68822,12.90608],[77.68838,12.90532],[77.69102,12.90546],[77.69157,12.904],[77.69299,12.90409],[77.69353,12.9044],[77.69626,12.90399],[77.69781,12.90419],[77.69794,12.90452],[77.70244,12.90362],[77.70285,12.90404],[77.7069,12.90199],[77.70835,12.90806],[77.70812,12.91225],[77.70757,12.91212],[77.707,12.91162],[77.70623,12.91038],[77.70563,12.90868],[77.70277,12.90972],[77.7027,12.90944],[77.70165,12.90975],[77.69788,12.91106],[77.69848,12.91273],[77.69864,12.91537],[77.69903,12.9167],[77.69666,12.91941],[77.68893,12.91966],[77.6886,12.9199],[77.68542,12.92002],[77.68582,12.92388],[77.68565,12.92691],[77.68544,12.92732],[77.6846,12.92789],[77.68456,12.9298],[77.66948,12.92272],[77.66662,12.92098],[77.66518,12.92107],[77.66211,12.91756],[77.66139,12.91557],[77.66042,12.91497],[77.66085,12.9137],[77.66009,12.91107],[77.66013,12.91013],[77.65893,12.90957],[77.65709,12.90968],[77.65657,12.90917],[77.65454,12.90178],[77.65462,12.90072],[77.65673,12.90039],[77.65678,12.89876],[77.65623,12.89762],[77.65561,12.8978],[77.65547,12.8969],[77.6548,12.89701],[77.65439,12.89654],[77.6539,12.89569],[77.65379,12.89456],[77.65592,12.89387],[77.66022,12.89479],[77.668,12.89387],[77.67139,12.89321],[77.67258,12.89308]]]},"properties":{"ward_id":5107,"ward_no":116,"name":"Doddakanahalli","lgd_code":1302788,"area_km2":12.56,"centroid":[12.90695,77.68056]}},{"type":"Feature","geometry":{"type":"Polygon","coordinates":[[[77.54031,12.97051],[77.53759,12.97142],[77.53544,12.96599],[77.5375,12.96529],[77.53744,12.96498],[77.53717,12.96506],[77.53684,12.96337],[77.53743,12.96331],[77.5372,12.96207],[77.53752,12.96209],[77.53683,12.96008],[77.5357,12.9586],[77.534,12.95763],[77.53476,12.95517],[77.53631,12.95356],[77.54153,12.95287],[77.54206,12.95342],[77.54286,12.95379],[77.54263,12.95471],[77.54159,12.95503],[77.54168,12.95462],[77.5411,12.95453],[77.54121,12.95572],[77.53898,12.9559],[77.53925,12.95796],[77.5439,12.96402],[77.54477,12.96429],[77.54637,12.9643],[77.5485,12.96515],[77.54743,12.9665],[77.54646,12.96692],[77.54509,12.9659],[77.54437,12.96621],[77.5442,12.96584],[77.54337,12.96614],[77.54316,12.96549],[77.54115,12.96618],[77.54144,12.968],[77.5405,12.96819],[77.54031,12.9705],[77.54031,12.97051]]]},"properties":{"ward_id":5194,"ward_no":159,"name":"Hampi Nagar","lgd_code":1302831,"area_km2":1.2,"centroid":[12.96203,77.54065]}},{"type":"Feature","geometry":{"type":"Polygon","coordinates":[[[77.53922,12.97316],[77.538,12.97241],[77.53759,12.97142],[77.54031,12.97051],[77.5405,12.96819],[77.54144,12.968],[77.54115,12.96618],[77.54316,12.96549],[77.54337,12.96614],[77.5442,12.96584],[77.54437,12.96621],[77.54509,12.9659],[77.54646,12.96692],[77.54743,12.9665],[77.5485,12.96515],[77.55006,12.96639],[77.55159,12.96805],[77.5545,12.96889],[77.55418,12.96911],[77.55426,12.96964],[77.55192,12.97036],[77.55152,12.96992],[77.55047,12.96949],[77.5495,12.96822],[77.54839,12.96865],[77.5487,12.96951],[77.5474,12.96959],[77.54758,12.97058],[77.54725,12.97134],[77.54755,12.97188],[77.5471,12.97239],[77.54654,12.9711],[77.5452,12.97155],[77.54508,12.97118],[77.54103,12.97255],[77.53922,12.97316]]]},"properties":{"ward_id":5191,"ward_no":158,"name":"Hosahalli","lgd_code":1302830,"area_km2":0.71,"centroid":[12.9691,77.5463]}},{"type":"Feature","geometry":{"type":"Polygon","coordinates":[[[77.54597,12.95723],[77.54371,12.95773],[77.54335,12.95705],[77.54189,12.95584],[77.54159,12.95521],[77.54159,12.95503],[77.54263,12.95471],[77.54286,12.95379],[77.54414,12.95454],[77.54442,12.95287],[77.54446,12.95225],[77.54301,12.94789],[77.5434,12.94773],[77.54304,12.94671],[77.54344,12.94656],[77.54326,12.94591],[77.54354,12.94583],[77.54333,12.94328],[77.54495,12.94318],[77.54757,12.94249],[77.55,12.94215],[77.55028,12.94291],[77.54979,12.94349],[77.54945,12.94505],[77.54982,12.94773],[77.54955,12.9478],[77.54999,12.9494],[77.55003,12.95091],[77.54931,12.95131],[77.5495,12.95228],[77.54912,12.95235],[77.54935,12.95473],[77.54958,12.95471],[77.54791,12.95746],[77.54634,12.95722],[77.54597,12.95723]]]},"properties":{"ward_id":5203,"ward_no":164,"name":"Avalahalli","lgd_code":1302836,"area_km2":1.07,"centroid":[12.95044,77.54606]}},{"type":"Feature","geometry":{"type":"Polygon","coordinates":[[[77.53054,12.94669],[77.5339,12.94778],[77.53544,12.94864],[77.53516,12.94717],[77.53718,12.94671],[77.53707,12.94612],[77.53846,12.94587],[77.53845,12.94638],[77.54002,12.94674],[77.54051,12.94664],[77.5411,12.94987],[77.54355,12.94922],[77.54449,12.95241],[77.54414,12.95454],[77.54206,12.95342],[77.54153,12.95287],[77.53631,12.95356],[77.53476,12.95517],[77.53443,12.95656],[77.53139,12.9572],[77.53135,12.95599],[77.53115,12.956],[77.53071,12.95327],[77.53171,12.95317],[77.53184,12.95218],[77.52999,12.95124],[77.52898,12.94996],[77.52869,12.9506],[77.52698,12.95092],[77.52679,12.94973],[77.52851,12.94928],[77.52834,12.94903],[77.52962,12.94842],[77.52938,12.94816],[77.53085,12.9475],[77.53062,12.94682],[77.53054,12.94669]]]},"properties":{"ward_id":5199,"ward_no":162,"name":"Gali Anjenaya Temple ward","lgd_code":1302834,"area_km2":1.18,"centroid":[12.95044,77.53433]}},{"type":"Feature","geometry":{"type":"Polygon","coordinates":[[[77.54355,12.94922],[77.5411,12.94987],[77.54051,12.94664],[77.54002,12.94674],[77.53845,12.94638],[77.5383,12.94587],[77.53707,12.94612],[77.53718,12.94671],[77.53516,12.94717],[77.53544,12.94864],[77.5339,12.94778],[77.53054,12.94669],[77.53085,12.9475],[77.52938,12.94816],[77.52962,12.94842],[77.52834,12.94903],[77.52851,12.94928],[77.52679,12.94973],[77.52638,12.94581],[77.52791,12.94548],[77.52789,12.94519],[77.52951,12.94463],[77.53382,12.93761],[77.53425,12.93651],[77.53925,12.93366],[77.54058,12.93761],[77.53933,12.93793],[77.53892,12.93982],[77.53865,12.94352],[77.54333,12.94328],[77.54354,12.94583],[77.54326,12.94591],[77.54344,12.94656],[77.54304,12.94671],[77.5434,12.94773],[77.54301,12.94789],[77.54344,12.94882],[77.54355,12.94922]]]},"properties":{"ward_id":5202,"ward_no":163,"name":"Veerabhadranagar","lgd_code":1302835,"area_km2":1.49,"centroid":[12.94542,77.53642]}},{"type":"Feature","geometry":{"type":"Polygon","coordinates":[[[77.5833,12.97143],[77.58287,12.97184],[77.58279,12.97032],[77.58298,12.97012],[77.58129,12.96651],[77.57868,12.96798],[77.57617,12.96255],[77.57518,12.96135],[77.57451,12.95977],[77.5784,12.95869],[77.57926,12.95903],[77.58013,12.95894],[77.58216,12.95773],[77.58353,12.96031],[77.5853,12.9594],[77.58911,12.95832],[77.58996,12.96082],[77.5907,12.9606],[77.59117,12.96258],[77.5898,12.96286],[77.58674,12.96551],[77.58662,12.96577],[77.58744,12.96681],[77.58529,12.96773],[77.58436,12.9687],[77.58445,12.97036],[77.58355,12.97119],[77.5833,12.97143]]]},"properties":{"ward_id":5219,"ward_no":172,"name":"Dharmaraya Swamy Temple Ward","lgd_code":1302844,"area_km2":1.35,"centroid":[12.96434,77.58355]}},{"type":"Feature","geometry":{"type":"Polygon","coordinates":[[[77.59482,12.96233],[77.59351,12.96218],[77.59117,12.96258],[77.5907,12.9606],[77.58996,12.96082],[77.58911,12.95832],[77.5853,12.9594],[77.58353,12.96031],[77.58216,12.95773],[77.58013,12.95894],[77.57926,12.95903],[77.5784,12.95869],[77.57451,12.95977],[77.57353,12.95736],[77.57748,12.9562],[77.58075,12.95491],[77.58334,12.95466],[77.58549,12.95406],[77.58714,12.95272],[77.59056,12.95154],[77.5914,12.95383],[77.58833,12.95481],[77.58902,12.95694],[77.59221,12.95601],[77.59473,12.96224],[77.59482,12.96233]]]},"properties":{"ward_id":5218,"ward_no":171,"name":"Sudham Nagara","lgd_code":1302843,"area_km2":1.07,"centroid":[12.95784,77.58586]}},{"type":"Feature","geometry":{"type":"Polygon","coordinates":[[[77.6226,12.97277],[77.62229,12.97322],[77.62163,12.97283],[77.6199,12.97274],[77.61932,12.97248],[77.61953,12.97222],[77.61997,12.96823],[77.62052,12.96667],[77.61958,12.96547],[77.61767,12.96532],[77.62032,12.95913],[77.62115,12.95783],[77.62099,12.95612],[77.62437,12.95412],[77.6258,12.95216],[77.62033,12.95319],[77.62021,12.95232],[77.61681,12.95401],[77.61656,12.95218],[77.6171,12.95214],[77.61695,12.95065],[77.61535,12.95084],[77.61155,12.9498],[77.61162,12.94924],[77.61686,12.94925],[77.61932,12.94745],[77.6215,12.95166],[77.62333,12.95081],[77.62592,12.95015],[77.62751,12.9488],[77.62911,12.94616],[77.6333,12.93734],[77.63457,12.93624],[77.63717,12.93325],[77.63881,12.9309],[77.63952,12.93056],[77.63958,12.92969],[77.6419,12.92925],[77.64187,12.92821],[77.64132,12.92616],[77.6411,12.92597],[77.63974,12.92603],[77.63917,12.92584],[77.63929,12.92406],[77.64124,12.92337],[77.64517,12.92446],[77.64919,12.92469],[77.65174,12.92422],[77.6515,12.92118],[77.6536,12.92096],[77.65361,12.92045],[77.65466,12.92045],[77.66035,12.91634],[77.662,12.91826],[77.66279,12.9212],[77.66116,12.92161],[77.66247,12.92614],[77.66326,12.92763],[77.66329,12.92823],[77.66182,12.92896],[77.66108,12.92983],[77.65912,12.92942],[77.65502,12.93497],[77.65716,12.93605],[77.65934,12.93755],[77.66056,12.93803],[77.66043,12.93827],[77.65891,12.9383],[77.65891,12.93792],[77.65814,12.9379],[77.65806,12.93985],[77.65743,12.94011],[77.6544,12.94025],[77.64782,12.9438],[77.64733,12.94429],[77.64755,12.94447],[77.64745,12.94497],[77.64507,12.94668],[77.64207,12.94943],[77.64061,12.95046],[77.63654,12.95536],[77.63472,12.96115],[77.63431,12.96163],[77.632,12.96117],[77.6285,12.96225],[77.62637,12.96349],[77.62497,12.96611],[77.62632,12.96542],[77.62652,12.96574],[77.62644,12.97015],[77.62549,12.97213],[77.62374,12.97112],[77.62261,12.97275],[77.6226,12.97277]]]},"properties":{"ward_id":5235,"ward_no":180,"name":"Agaram","lgd_code":1302852,"area_km2":10.22,"centroid":[12.94508,77.63737]}},{"type":"Feature","geometry":{"type":"Polygon","coordinates":[[[77.71178,12.97229],[77.71159,12.97201],[77.70937,12.97323],[77.70761,12.97284],[77.70695,12.96988],[77.70656,12.96921],[77.70529,12.96858],[77.70395,12.96752],[77.70342,12.96689],[77.70353,12.96612],[77.70321,12.96614],[77.70305,12.96666],[77.70213,12.96564],[77.70124,12.9593],[77.70114,12.95693],[77.71476,12.95588],[77.71642,12.96045],[77.71683,12.96237],[77.71835,12.96511],[77.71836,12.9659],[77.71795,12.96668],[77.71694,12.96731],[77.71413,12.96768],[77.7137,12.96795],[77.71189,12.972],[77.71178,12.97229]]]},"properties":{"ward_id":5094,"ward_no":109,"name":"AECS Layout","lgd_code":1302781,"area_km2":2.39,"centroid":[12.96658,77.70961]}},{"type":"Feature","geometry":{"type":"Polygon","coordinates":[[[77.70828,12.98486],[77.70729,12.98795],[77.70603,12.98814],[77.706,12.98712],[77.70419,12.98712],[77.70245,12.98477],[77.69979,12.98457],[77.70091,12.98379],[77.7007,12.98284],[77.70157,12.98206],[77.70085,12.98232],[77.70007,12.98075],[77.69759,12.98167],[77.69554,12.98208],[77.69518,12.98112],[77.69437,12.98157],[77.6935,12.98158],[77.69332,12.98187],[77.69223,12.98186],[77.6916,12.98154],[77.69018,12.9818],[77.68882,12.97851],[77.68681,12.97951],[77.68563,12.97838],[77.6849,12.97803],[77.684,12.97595],[77.6843,12.9755],[77.68574,12.97465],[77.6859,12.97395],[77.68682,12.97322],[77.68609,12.9703],[77.68646,12.97021],[77.68639,12.96968],[77.6878,12.96907],[77.68779,12.96728],[77.68841,12.96701],[77.68887,12.96232],[77.68935,12.96217],[77.68961,12.96144],[77.68924,12.96],[77.68963,12.95542],[77.6988,12.95705],[77.70114,12.95694],[77.70124,12.9593],[77.70213,12.96564],[77.70305,12.96666],[77.70321,12.96614],[77.70353,12.96612],[77.70342,12.96689],[77.70395,12.96752],[77.70529,12.96858],[77.70656,12.96921],[77.70695,12.96988],[77.70761,12.97284],[77.70937,12.97323],[77.71159,12.97201],[77.71178,12.97229],[77.70865,12.98162],[77.70833,12.9844],[77.70828,12.98486]]]},"properties":{"ward_id":5091,"ward_no":108,"name":"Dodda Nekkundi","lgd_code":1302780,"area_km2":5.88,"centroid":[12.97441,77.69696]}},{"type":"Feature","geometry":{"type":"Polygon","coordinates":[[[77.77473,12.98439],[77.77691,12.98519],[77.77616,12.98578],[77.77587,12.98645],[77.77615,12.98826],[77.77554,12.99029],[77.77561,12.99151],[77.77507,12.99195],[77.77412,12.99189],[77.77441,12.99372],[77.77416,12.99391],[77.77466,12.99576],[77.77445,12.99792],[77.77502,12.99819],[77.77483,12.99971],[77.77499,13.00086],[77.77477,13.00115],[77.77382,13.00125],[77.77366,13.00188],[77.77281,13.00198],[77.77246,13.00271],[77.7735,13.00316],[77.77477,13.00288],[77.7755,13.00333],[77.77589,13.0057],[77.77574,13.00599],[77.77444,13.00636],[77.77377,13.0061],[77.77341,13.00626],[77.77344,13.00794],[77.77316,13.0091],[77.77338,13.00965],[77.77328,13.01018],[77.774,13.01065],[77.77371,13.01125],[77.77385,13.01248],[77.77444,13.01339],[77.77343,13.01348],[77.7731,13.01377],[77.77316,13.01438],[77.77285,13.01486],[77.77172,13.01524],[77.77146,13.01504],[77.76977,13.00937],[77.76993,13.00914],[77.7697,13.00886],[77.76936,13.00454],[77.76858,13.00265],[77.76779,13.00311],[77.76412,13.00407],[77.76371,13.00293],[77.76382,13.00255],[77.76308,13.00218],[77.7627,13.00134],[77.76211,13.00169],[77.76193,13.00081],[77.76136,13.00042],[77.76104,12.99963],[77.75801,12.99932],[77.75701,13.00414],[77.75511,13.00529],[77.75475,13.00485],[77.7536,13.00451],[77.75312,13.00406],[77.75224,12.99989],[77.75107,12.99766],[77.76301,12.99577],[77.76219,12.99265],[77.76136,12.99283],[77.76079,12.99067],[77.76013,12.99085],[77.75948,12.98854],[77.7598,12.98798],[77.75817,12.98245],[77.75709,12.97671],[77.75535,12.97675],[77.75425,12.97451],[77.75392,12.97287],[77.75668,12.97225],[77.75672,12.97265],[77.75727,12.97252],[77.75835,12.97449],[77.75965,12.97394],[77.7592,12.97294],[77.76053,12.97288],[77.76262,12.9722],[77.76332,12.97508],[77.76379,12.9754],[77.7653,12.97944],[77.76166,12.9797],[77.76184,12.98004],[77.76228,12.98004],[77.76244,12.98143],[77.76305,12.98164],[77.76388,12.98273],[77.76481,12.98287],[77.76537,12.98329],[77.76639,12.98351],[77.7683,12.98346],[77.76952,12.98386],[77.77148,12.98389],[77.77418,12.98429],[77.77473,12.98439]]]},"properties":{"ward_id":5083,"ward_no":104,"name":"Kadugodi","lgd_code":1302776,"area_km2":5.37,"centroid":[12.99486,77.76696]}},{"type":"Feature","geometry":{"type":"Polygon","coordinates":[[[77.76294,13.00172],[77.76308,13.00218],[77.76351,13.00227],[77.76381,13.00276],[77.76323,13.00316],[77.76199,13.00512],[77.76078,13.00495],[77.75966,13.00574],[77.75938,13.0061],[77.75971,13.00719],[77.75915,13.00788],[77.75736,13.00883],[77.75644,13.00978],[77.75561,13.01024],[77.75526,13.01017],[77.75509,13.00921],[77.75474,13.00884],[77.75244,13.01071],[77.75087,13.01137],[77.74984,13.01135],[77.74921,13.01204],[77.74788,13.01273],[77.7478,13.0115],[77.74722,13.01166],[77.74689,13.01048],[77.7472,13.00984],[77.74695,13.00957],[77.74688,13.00785],[77.74708,13.00682],[77.74515,13.00717],[77.74111,13.00714],[77.74088,13.00812],[77.73857,13.00765],[77.73862,13.00666],[77.73914,13.00668],[77.73953,13.00432],[77.73899,13.00321],[77.73882,13.00019],[77.73835,13.00003],[77.73823,12.99974],[77.73818,12.99785],[77.73137,12.99658],[77.73148,12.99544],[77.7328,12.99323],[77.7337,12.98787],[77.73186,12.98812],[77.73195,12.9864],[77.73027,12.98551],[77.72856,12.9833],[77.72799,12.9822],[77.72755,12.98057],[77.72727,12.97645],[77.73395,12.97591],[77.73402,12.97614],[77.73579,12.97634],[77.73648,12.97798],[77.73902,12.97726],[77.73973,12.97692],[77.73962,12.97652],[77.74136,12.97603],[77.74224,12.97892],[77.74403,12.98251],[77.74384,12.98376],[77.74887,12.98244],[77.75035,12.9823],[77.752,12.98166],[77.7525,12.98379],[77.75432,12.98353],[77.75641,12.98271],[77.75826,12.98245],[77.7598,12.98798],[77.75948,12.98854],[77.76013,12.99085],[77.76079,12.99067],[77.76136,12.99283],[77.76219,12.99265],[77.76301,12.99577],[77.75107,12.99766],[77.75224,12.99989],[77.75325,13.00426],[77.75437,13.00463],[77.75511,13.00529],[77.75701,13.00414],[77.75801,12.99932],[77.76104,12.99963],[77.76136,13.00042],[77.76193,13.00081],[77.76207,13.00165],[77.76267,13.00133],[77.76292,13.00165],[77.76294,13.00172]],[[77.65646,13.07409],[77.65652,13.06782],[77.6559,13.06406],[77.65538,13.05754],[77.65552,13.05654],[77.65513,13.05515],[77.65552,13.05507],[77.65553,13.05266],[77.65485,13.04889],[77.65512,13.04808],[77.6561,13.0481],[77.65614,13.04684],[77.65287,13.04656],[77.65217,13.04708],[77.64998,13.04773],[77.64724,13.04822],[77.64742,13.04941],[77.64705,13.04951],[77.64802,13.05092],[77.64725,13.05273],[77.6471,13.05424],[77.64732,13.05428],[77.64733,13.05506],[77.64728,13.0557],[77.6471,13.05565],[77.64696,13.05616],[77.64713,13.05674],[77.64691,13.05727],[77.64703,13.05752],[77.64889,13.05771],[77.64907,13.05883],[77.65161,13.0587],[77.65189,13.06006],[77.65201,13.0632],[77.65159,13.07098],[77.65068,13.07797],[77.64961,13.0813],[77.65472,13.08199],[77.65649,13.07461],[77.65646,13.07409]],[[77.66871,13.06505],[77.67005,13.06596],[77.67241,13.06565],[77.67346,13.0654],[77.67342,13.06519],[77.67517,13.06489],[77.67712,13.06505],[77.67667,13.06358],[77.67686,13.06353],[77.67684,13.06291],[77.67899,13.06286],[77.67951,13.06195],[77.67927,13.06054],[77.67947,13.05853],[77.67914,13.05803],[77.67888,13.05803],[77.67899,13.05752],[77.67923,13.05758],[77.67949,13.05568],[77.67908,13.05546],[77.67892,13.055],[77.6784,13.05244],[77.67565,13.05255],[77.67469,13.05137],[77.67378,13.05079],[77.67298,13.05079],[77.6721,13.05124],[77.67155,13.05124],[77.67002,13.0501],[77.66932,13.04993],[77.66576,13.05003],[77.66425,13.05081],[77.66526,13.05478],[77.6656,13.06064],[77.6673,13.06405],[77.66842,13.06484],[77.66871,13.06505]],[[77.68369,13.03325],[77.68647,13.03355],[77.69084,13.03261],[77.69438,13.02674],[77.68859,13.02198],[77.68383,13.0229],[77.68315,13.02764],[77.68366,13.03324],[77.68369,13.03325]]]},"properties":{"ward_id":5086,"ward_no":105,"name":"Belathur","lgd_code":1302777,"area_km2":8.67,"centroid":[12.99704,77.74872]}},{"type":"Feature","geometry":{"type":"Polygon","coordinates":[[[77.62757,12.90534],[77.62797,12.90654],[77.62786,12.90753],[77.62393,12.90815],[77.62372,12.90824],[77.62389,12.90874],[77.62368,12.90876],[77.62344,12.90873],[77.62281,12.90741],[77.62135,12.90748],[77.62057,12.90789],[77.61883,12.90593],[77.61832,12.90383],[77.61834,12.90268],[77.6175,12.90284],[77.61731,12.90229],[77.61695,12.90204],[77.61708,12.90107],[77.61842,12.90089],[77.61794,12.89835],[77.61807,12.89794],[77.6197,12.89829],[77.62141,12.89768],[77.62007,12.89402],[77.6227,12.89401],[77.62271,12.89496],[77.62327,12.8949],[77.62346,12.89523],[77.62363,12.8965],[77.62337,12.89644],[77.62399,12.89905],[77.62296,12.89926],[77.62466,12.90315],[77.62656,12.90371],[77.62722,12.90346],[77.62749,12.90475],[77.62757,12.90534]]]},"properties":{"ward_id":6956,"ward_no":235,"name":"Bommanahalli","lgd_code":null,"area_km2":0.96,"centroid":[12.90217,77.62219]}},{"type":"Feature","geometry":{"type":"Polygon","coordinates":[[[77.62722,12.90346],[77.62656,12.90371],[77.62466,12.90315],[77.62296,12.89926],[77.62399,12.89905],[77.62337,12.89644],[77.62363,12.8965],[77.62327,12.8949],[77.62578,12.89449],[77.62922,12.89432],[77.63355,12.89357],[77.63419,12.89489],[77.63046,12.89724],[77.62964,12.89939],[77.62687,12.89999],[77.62732,12.90205],[77.62721,12.90335],[77.62722,12.90346]]]},"properties":{"ward_id":6957,"ward_no":234,"name":"Hongasandra","lgd_code":null,"area_km2":0.66,"centroid":[12.89857,77.62705]}},{"type":"Feature","geometry":{"type":"Polygon","coordinates":[[[77.62642,12.911],[77.62263,12.91729],[77.62218,12.91637],[77.62215,12.91447],[77.62091,12.91363],[77.62145,12.91321],[77.62104,12.91271],[77.62122,12.91252],[77.62099,12.91117],[77.62049,12.91027],[77.62043,12.90916],[77.62071,12.90812],[77.62057,12.90789],[77.62135,12.90748],[77.62281,12.90741],[77.62344,12.90873],[77.62368,12.90876],[77.62389,12.90874],[77.62372,12.90824],[77.62393,12.90815],[77.62786,12.90753],[77.62797,12.90654],[77.62722,12.90348],[77.62732,12.90205],[77.62687,12.89999],[77.62964,12.89939],[77.63046,12.89724],[77.63419,12.89489],[77.63355,12.89357],[77.63506,12.89325],[77.63508,12.89249],[77.63551,12.8924],[77.63533,12.89129],[77.6349,12.8913],[77.6348,12.89017],[77.63417,12.89019],[77.63501,12.88851],[77.63454,12.88828],[77.63465,12.88757],[77.6354,12.88776],[77.63684,12.88637],[77.63831,12.88577],[77.63821,12.88542],[77.63893,12.88522],[77.63825,12.8837],[77.63756,12.8837],[77.63696,12.87996],[77.6397,12.87602],[77.64016,12.87444],[77.64004,12.87354],[77.64024,12.8725],[77.64105,12.87199],[77.64246,12.87161],[77.64884,12.87038],[77.65063,12.8704],[77.65173,12.8699],[77.65361,12.86957],[77.65002,12.87408],[77.6472,12.8772],[77.62651,12.91086],[77.62642,12.911]]]},"properties":{"ward_id":6958,"ward_no":233,"name":"Rupenaagrahara","lgd_code":null,"area_km2":2.93,"centroid":[12.89476,77.63218]}},{"type":"Feature","geometry":{"type":"Polygon","coordinates":[[[77.61767,12.91405],[77.61673,12.91483],[77.61656,12.91532],[77.61644,12.9152],[77.61531,12.90962],[77.61397,12.90684],[77.61348,12.90632],[77.61264,12.90461],[77.60927,12.90503],[77.60867,12.90172],[77.6072,12.90211],[77.60598,12.90206],[77.60569,12.90226],[77.60551,12.90307],[77.60347,12.90324],[77.60345,12.90194],[77.60315,12.90111],[77.60246,12.90179],[77.60109,12.90204],[77.6009,12.90003],[77.59883,12.89243],[77.59811,12.89056],[77.59959,12.89032],[77.60316,12.8888],[77.60323,12.88942],[77.60386,12.88984],[77.60737,12.88851],[77.60843,12.88835],[77.60815,12.89162],[77.60965,12.89221],[77.61042,12.89283],[77.61168,12.89207],[77.61204,12.89105],[77.61252,12.8918],[77.61275,12.89289],[77.61418,12.8926],[77.61448,12.89363],[77.6146,12.89591],[77.6141,12.89573],[77.61349,12.89766],[77.61499,12.89816],[77.61517,12.89896],[77.61579,12.89899],[77.61575,12.89871],[77.61805,12.89899],[77.61842,12.90089],[77.61708,12.90107],[77.61695,12.90204],[77.61731,12.90229],[77.6175,12.90284],[77.61834,12.90268],[77.61832,12.90383],[77.61883,12.90593],[77.62071,12.90798],[77.62045,12.91001],[77.62057,12.91061],[77.62092,12.91093],[77.62122,12.91252],[77.62104,12.91271],[77.61931,12.91264],[77.61785,12.91391],[77.61767,12.91405]]]},"properties":{"ward_id":6959,"ward_no":237,"name":"Bilekhalli","lgd_code":null,"area_km2":3.03,"centroid":[12.90095,77.61205]}},{"type":"Feature","geometry":{"type":"Polygon","coordinates":[[[77.60399,12.908],[77.60402,12.9087],[77.60023,12.90853],[77.6005,12.90724],[77.60173,12.9058],[77.60185,12.90513],[77.60146,12.90351],[77.59942,12.90387],[77.59894,12.9035],[77.59947,12.9011],[77.59664,12.90246],[77.59399,12.90266],[77.59356,12.90557],[77.59341,12.90527],[77.59023,12.90571],[77.59005,12.9048],[77.58812,12.90508],[77.58829,12.90338],[77.58804,12.90329],[77.5885,12.90104],[77.58803,12.90092],[77.58867,12.8996],[77.58897,12.89747],[77.58873,12.8974],[77.58872,12.89707],[77.58591,12.89688],[77.58641,12.89272],[77.58563,12.89263],[77.58567,12.89179],[77.58181,12.89222],[77.58186,12.89128],[77.58259,12.89046],[77.58583,12.88942],[77.5882,12.88906],[77.58839,12.89159],[77.58878,12.89176],[77.58984,12.89112],[77.5903,12.89221],[77.59207,12.89146],[77.59812,12.89059],[77.59883,12.89243],[77.6009,12.90003],[77.60109,12.90204],[77.60246,12.90179],[77.60315,12.90111],[77.60345,12.90194],[77.60347,12.90324],[77.60551,12.90307],[77.60569,12.90226],[77.60598,12.90206],[77.6072,12.90211],[77.60864,12.90172],[77.60873,12.90188],[77.60905,12.90453],[77.60946,12.90541],[77.60839,12.9059],[77.60625,12.90563],[77.60385,12.90581],[77.60397,12.90757],[77.60399,12.908]]]},"properties":{"ward_id":6960,"ward_no":240,"name":"Vinayakanagar","lgd_code":null,"area_km2":2.49,"centroid":[12.90022,77.59615]}},{"type":"Feature","geometry":{"type":"Polygon","coordinates":[[[77.53682,12.93506],[77.5343,12.93647],[77.53365,12.93506],[77.5331,12.93509],[77.53382,12.93325],[77.53415,12.93301],[77.53417,12.93069],[77.53505,12.92924],[77.53488,12.92807],[77.53507,12.92732],[77.53689,12.92676],[77.53664,12.92532],[77.53668,12.92397],[77.5369,12.92351],[77.53729,12.9234],[77.53781,12.92362],[77.53887,12.92473],[77.54013,12.92425],[77.54016,12.92306],[77.54043,12.92321],[77.54096,12.92297],[77.54196,12.92616],[77.54226,12.9261],[77.54233,12.92631],[77.54212,12.92636],[77.54234,12.92786],[77.54144,12.92857],[77.54168,12.92965],[77.54211,12.92965],[77.54271,12.92908],[77.54303,12.92912],[77.54339,12.93057],[77.53943,12.93355],[77.53705,12.93494],[77.53682,12.93506]]]},"properties":{"ward_id":6961,"ward_no":209,"name":"Hosakerehalli","lgd_code":null,"area_km2":0.88,"centroid":[12.92841,77.53852]}},{"type":"Feature","geometry":{"type":"Polygon","coordinates":[[[77.55625,12.92297],[77.55144,12.9246],[77.54836,12.92641],[77.54673,12.92454],[77.54661,12.92263],[77.54528,12.9228],[77.54509,12.92056],[77.54624,12.92054],[77.54617,12.92011],[77.54557,12.91964],[77.54535,12.91821],[77.54672,12.91803],[77.54684,12.91833],[77.54862,12.91803],[77.54846,12.91718],[77.5481,12.91716],[77.54803,12.91649],[77.5506,12.91578],[77.55051,12.91532],[77.55192,12.91507],[77.55219,12.91553],[77.55167,12.91609],[77.55186,12.91638],[77.55123,12.91679],[77.55197,12.91792],[77.55211,12.91972],[77.5526,12.91969],[77.55314,12.92037],[77.55425,12.92101],[77.55563,12.92095],[77.55609,12.92244],[77.55625,12.92297]]]},"properties":{"ward_id":6962,"ward_no":207,"name":"Kamakya Nagar","lgd_code":null,"area_km2":0.78,"centroid":[12.9194,77.54986]}},{"type":"Feature","geometry":{"type":"Polygon","coordinates":[[[77.54449,12.92953],[77.54339,12.93057],[77.54303,12.92912],[77.54271,12.92908],[77.54211,12.92965],[77.54168,12.92965],[77.54144,12.92857],[77.54234,12.92786],[77.54212,12.92636],[77.54233,12.92631],[77.54226,12.9261],[77.54196,12.92616],[77.54096,12.92297],[77.54043,12.92321],[77.54016,12.92306],[77.53983,12.92213],[77.53931,12.92187],[77.53856,12.91964],[77.53878,12.91865],[77.53832,12.91828],[77.53849,12.91799],[77.53931,12.91752],[77.54177,12.91881],[77.54199,12.9188],[77.54193,12.91822],[77.54317,12.91764],[77.5447,12.91752],[77.54476,12.91829],[77.54535,12.91821],[77.54557,12.91964],[77.54617,12.92011],[77.54624,12.92054],[77.54509,12.92056],[77.54528,12.9228],[77.54661,12.92263],[77.54673,12.92454],[77.54836,12.92641],[77.54555,12.92863],[77.54449,12.92953]]]},"properties":{"ward_id":6963,"ward_no":208,"name":"Deen Dayalu Ward","lgd_code":null,"area_km2":0.79,"centroid":[12.9231,77.54272]}},{"type":"Feature","geometry":{"type":"Polygon","coordinates":[[[77.62376,13.03125],[77.62425,13.03354],[77.62544,13.03601],[77.62067,13.03705],[77.62072,13.03762],[77.61993,13.03761],[77.61984,13.03529],[77.6194,13.03441],[77.61889,13.03447],[77.61906,13.03598],[77.61399,13.03699],[77.61342,13.03406],[77.61282,13.03246],[77.61664,13.02782],[77.61836,13.02688],[77.62006,13.0262],[77.62089,13.02992],[77.62182,13.03205],[77.62347,13.03137],[77.62376,13.03125]]]},"properties":{"ward_id":5066,"ward_no":95,"name":"Nagavara","lgd_code":1302767,"area_km2":0.95,"centroid":[13.03321,77.61965]}},{"type":"Feature","geometry":{"type":"Polygon","coordinates":[[[77.53946,13.09001],[77.53545,13.09017],[77.53439,13.09214],[77.52378,13.09307],[77.52345,13.08811],[77.52359,13.08287],[77.5232,13.08087],[77.52288,13.08091],[77.52207,13.08035],[77.52128,13.08041],[77.52088,13.07915],[77.51942,13.07936],[77.51898,13.07967],[77.51834,13.07694],[77.51796,13.07418],[77.51999,13.07354],[77.51928,13.07132],[77.52359,13.07085],[77.523,13.06895],[77.52218,13.06776],[77.52518,13.06723],[77.52464,13.0654],[77.5248,13.06533],[77.52453,13.06414],[77.52801,13.06276],[77.53021,13.06113],[77.53137,13.05968],[77.53199,13.05832],[77.53295,13.05483],[77.5353,13.05483],[77.5351,13.05593],[77.53523,13.05662],[77.53491,13.05753],[77.53547,13.05767],[77.53386,13.06005],[77.5352,13.06325],[77.53473,13.06374],[77.53394,13.06603],[77.53396,13.06732],[77.53212,13.06905],[77.53098,13.06977],[77.53183,13.07248],[77.53138,13.07319],[77.53127,13.07456],[77.53152,13.07561],[77.53112,13.07586],[77.53096,13.0763],[77.53078,13.07787],[77.53041,13.0779],[77.53029,13.0786],[77.52944,13.07888],[77.52995,13.08213],[77.53084,13.08281],[77.53172,13.08306],[77.53507,13.0838],[77.53688,13.08379],[77.53795,13.08576],[77.5391,13.087],[77.54071,13.08997],[77.53946,13.09001]]]},"properties":{"ward_id":4907,"ward_no":16,"name":"Kammagondanahalli","lgd_code":1303154,"area_km2":4.35,"centroid":[13.07357,77.5293]}},{"type":"Feature","geometry":{"type":"Polygon","coordinates":[[[77.60054,13.00897],[77.59977,13.00765],[77.59942,13.00803],[77.59821,13.00829],[77.59787,13.00855],[77.59793,13.00908],[77.59699,13.00943],[77.5952,13.00723],[77.59823,13.00567],[77.59734,13.00458],[77.59838,13.00414],[77.59819,13.00349],[77.59854,13.00337],[77.59807,13.00244],[77.5993,13.00166],[77.60011,12.99924],[77.59948,12.9988],[77.59856,12.99723],[77.60017,12.99652],[77.60001,12.99581],[77.60314,12.99511],[77.60563,12.99424],[77.60877,12.99897],[77.60685,12.99949],[77.60647,12.99782],[77.60509,12.99779],[77.6046,12.99867],[77.60185,12.99988],[77.60152,13.00144],[77.60233,13.00132],[77.60259,13.00156],[77.60387,13.00353],[77.6038,13.00432],[77.60524,13.00667],[77.60074,13.00887],[77.60054,13.00897]]]},"properties":{"ward_id":5127,"ward_no":126,"name":"Ramaswamy Palya","lgd_code":1302798,"area_km2":0.96,"centroid":[13.00257,77.60099]}},{"type":"Feature","geometry":{"type":"Polygon","coordinates":[[[77.60054,13.00897],[77.59577,13.01122],[77.59499,13.00911],[77.59475,13.00923],[77.59409,13.0072],[77.59326,13.00566],[77.59566,12.99775],[77.59625,12.99497],[77.5961,12.99469],[77.59395,12.99548],[77.59173,12.99531],[77.59283,12.99502],[77.59585,12.9936],[77.59767,12.99125],[77.60161,12.98988],[77.60223,12.9892],[77.60193,12.98469],[77.60175,12.98466],[77.60339,12.98414],[77.60666,12.98373],[77.60681,12.98399],[77.60718,12.98676],[77.60611,12.98678],[77.60615,12.98853],[77.60556,12.98946],[77.60498,12.99135],[77.60387,12.99273],[77.60286,12.9924],[77.60182,12.99249],[77.59659,12.99444],[77.60044,12.99566],[77.60001,12.99581],[77.60017,12.99652],[77.59856,12.99723],[77.59948,12.9988],[77.60011,12.99924],[77.5993,13.00166],[77.59807,13.00244],[77.59854,13.00337],[77.59819,13.00349],[77.59838,13.00414],[77.59734,13.00458],[77.59823,13.00567],[77.5952,13.00723],[77.59699,13.00943],[77.59793,13.00908],[77.59787,13.00855],[77.59821,13.00829],[77.59942,13.00803],[77.59977,13.00765],[77.60037,13.00865],[77.60054,13.00897]]]},"properties":{"ward_id":5130,"ward_no":127,"name":"Jayamahal","lgd_code":1302799,"area_km2":1.35,"centroid":[12.99804,77.59932]}},{"type":"Feature","geometry":{"type":"Polygon","coordinates":[[[77.58955,12.99563],[77.58655,12.99751],[77.58436,12.99783],[77.58419,12.99946],[77.583,12.99925],[77.57923,12.99546],[77.57711,12.99366],[77.57795,12.99209],[77.57757,12.99174],[77.5799,12.99099],[77.5761,12.9853],[77.57479,12.98414],[77.57759,12.98366],[77.57695,12.98316],[77.57658,12.98207],[77.57671,12.98134],[77.57725,12.98067],[77.5811,12.9801],[77.58727,12.97586],[77.59053,12.9775],[77.59591,12.98317],[77.59727,12.98428],[77.5981,12.984],[77.60193,12.98469],[77.60223,12.9892],[77.60161,12.98988],[77.59767,12.99125],[77.59585,12.9936],[77.59364,12.99466],[77.59175,12.9954],[77.58968,12.99533],[77.58955,12.99563]]]},"properties":{"ward_id":5131,"ward_no":128,"name":"Vasanth Nagar","lgd_code":1302800,"area_km2":4.36,"centroid":[12.9888,77.58645]}},{"type":"Feature","geometry":{"type":"Polygon","coordinates":[[[77.61367,12.9317],[77.60961,12.93485],[77.61009,12.9323],[77.60869,12.92516],[77.60986,12.92342],[77.61032,12.92232],[77.61113,12.92158],[77.61029,12.91975],[77.61291,12.91959],[77.61395,12.922],[77.61738,12.9198],[77.61784,12.92049],[77.61748,12.9207],[77.61783,12.92131],[77.61752,12.92158],[77.61812,12.92286],[77.61921,12.92278],[77.61478,12.92989],[77.61367,12.9317]]]},"properties":{"ward_id":5255,"ward_no":190,"name":"Madivala","lgd_code":1302862,"area_km2":1.02,"centroid":[12.924,77.61393]}},{"type":"Feature","geometry":{"type":"Polygon","coordinates":[[[77.61926,12.92271],[77.61812,12.92286],[77.61752,12.92158],[77.61783,12.92131],[77.61748,12.9207],[77.61784,12.92049],[77.61738,12.9198],[77.61395,12.922],[77.61291,12.91959],[77.60802,12.92003],[77.60723,12.91655],[77.61012,12.91651],[77.61006,12.90946],[77.61398,12.90901],[77.61294,12.90638],[77.61343,12.90623],[77.61489,12.90847],[77.61531,12.90962],[77.61656,12.91532],[77.61673,12.91483],[77.61931,12.91264],[77.62085,12.91264],[77.62135,12.91297],[77.62144,12.91329],[77.62091,12.91363],[77.62215,12.91447],[77.62218,12.91637],[77.62264,12.91729],[77.61939,12.9225],[77.61926,12.92271]]]},"properties":{"ward_id":5259,"ward_no":192,"name":"BTM Layout","lgd_code":1302864,"area_km2":1.47,"centroid":[12.91584,77.61661]}},{"type":"Feature","geometry":{"type":"Polygon","coordinates":[[[77.60408,12.91662],[77.59999,12.91673],[77.59988,12.91262],[77.60023,12.90853],[77.60402,12.9087],[77.60385,12.90581],[77.60625,12.90563],[77.60839,12.9059],[77.60946,12.90541],[77.60931,12.90503],[77.61264,12.90461],[77.61343,12.90623],[77.61294,12.90638],[77.61398,12.90901],[77.61006,12.90946],[77.61012,12.91651],[77.6043,12.91662],[77.60408,12.91662]]]},"properties":{"ward_id":5262,"ward_no":193,"name":"N S Palya","lgd_code":1302865,"area_km2":1.36,"centroid":[12.9094,77.60723]}},{"type":"Feature","geometry":{"type":"Polygon","coordinates":[[[77.57551,13.04377],[77.57439,13.0442],[77.57584,13.04743],[77.56613,13.0466],[77.56414,13.04559],[77.56211,13.04198],[77.56948,13.03288],[77.57125,13.02846],[77.57768,13.02726],[77.57773,13.02689],[77.58011,13.02651],[77.57897,13.02879],[77.57714,13.03145],[77.5755,13.03466],[77.57439,13.03455],[77.5743,13.03499],[77.57385,13.03502],[77.57379,13.03522],[77.5717,13.03507],[77.57167,13.03744],[77.57261,13.03742],[77.57266,13.04011],[77.57212,13.04016],[77.57265,13.0416],[77.57327,13.04254],[77.57478,13.04243],[77.575,13.04331],[77.57539,13.0432],[77.57551,13.04377]]]},"properties":{"ward_id":5007,"ward_no":66,"name":"Radhakrishna Temple Ward","lgd_code":1302738,"area_km2":1.94,"centroid":[13.03748,77.57336]}},{"type":"Feature","geometry":{"type":"Polygon","coordinates":[[[77.58006,13.02658],[77.58128,13.02521],[77.58274,13.02455],[77.58462,13.02294],[77.58593,13.02793],[77.58824,13.0333],[77.58917,13.03624],[77.5898,13.0412],[77.59057,13.04311],[77.58856,13.04258],[77.58568,13.04309],[77.58237,13.04504],[77.5793,13.04742],[77.57824,13.04765],[77.57584,13.04743],[77.57439,13.0442],[77.57551,13.04377],[77.57539,13.0432],[77.575,13.04331],[77.57478,13.04243],[77.57316,13.04247],[77.57212,13.04016],[77.57266,13.04011],[77.57248,13.03832],[77.57269,13.0383],[77.57261,13.03742],[77.57167,13.03744],[77.5717,13.03507],[77.57379,13.03522],[77.57385,13.03502],[77.5743,13.03499],[77.57439,13.03455],[77.5755,13.03466],[77.57775,13.03037],[77.57897,13.02879],[77.57988,13.02685],[77.58006,13.02658]]]},"properties":{"ward_id":5010,"ward_no":67,"name":"Sanjaya Nagar","lgd_code":1302739,"area_km2":3.1,"centroid":[13.03725,77.57847]}},{"type":"Feature","geometry":{"type":"Polygon","coordinates":[[[77.59002,13.04161],[77.5897,13.04017],[77.59102,13.03998],[77.59123,13.04038],[77.59164,13.04046],[77.59186,13.04019],[77.59257,13.04007],[77.59254,13.03854],[77.59447,13.03881],[77.59459,13.03971],[77.59629,13.03918],[77.59886,13.03903],[77.60037,13.03923],[77.60163,13.03705],[77.60301,13.03637],[77.60292,13.03577],[77.60224,13.0351],[77.60462,13.03481],[77.60478,13.03216],[77.60641,13.03191],[77.60626,13.03087],[77.6072,13.03087],[77.60817,13.03045],[77.61028,13.03821],[77.60976,13.03924],[77.60884,13.04017],[77.60779,13.04072],[77.60673,13.04094],[77.59506,13.04128],[77.59267,13.04106],[77.59057,13.04148],[77.59002,13.04161]]]},"properties":{"ward_id":5011,"ward_no":68,"name":"Vishwanath Nagenahalli","lgd_code":1302740,"area_km2":1.01,"centroid":[13.03793,77.59949]}},{"type":"Feature","geometry":{"type":"Polygon","coordinates":[[[77.59626,13.03918],[77.59459,13.03971],[77.59447,13.03881],[77.59254,13.03854],[77.59257,13.04007],[77.59186,13.04019],[77.59164,13.04046],[77.59123,13.04038],[77.59102,13.03998],[77.5897,13.04017],[77.58917,13.03624],[77.58824,13.0333],[77.58593,13.02793],[77.58692,13.02764],[77.5867,13.02672],[77.58885,13.02623],[77.59094,13.02672],[77.59218,13.02656],[77.59262,13.0287],[77.59584,13.02833],[77.59607,13.02984],[77.59645,13.02984],[77.59652,13.03007],[77.59644,13.03178],[77.59557,13.03179],[77.5957,13.03221],[77.59765,13.03253],[77.5982,13.03297],[77.59928,13.03324],[77.59937,13.034],[77.59856,13.03418],[77.59873,13.03539],[77.59707,13.03577],[77.5975,13.03665],[77.59737,13.03699],[77.59687,13.03722],[77.59626,13.03904],[77.59626,13.03918]]]},"properties":{"ward_id":5015,"ward_no":70,"name":"Hebbala","lgd_code":1302742,"area_km2":1.31,"centroid":[13.03404,77.59397]}},{"type":"Feature","geometry":{"type":"Polygon","coordinates":[[[77.59548,13.02839],[77.59262,13.0287],[77.59218,13.02656],[77.59094,13.02672],[77.58885,13.02623],[77.5867,13.02672],[77.58692,13.02764],[77.58594,13.02793],[77.58402,13.02068],[77.58393,13.0193],[77.58568,13.01862],[77.58703,13.01892],[77.58774,13.01845],[77.58782,13.01791],[77.58975,13.01725],[77.59081,13.0191],[77.59107,13.02058],[77.59247,13.02037],[77.593,13.02496],[77.59476,13.02468],[77.59533,13.02763],[77.59548,13.02839]]]},"properties":{"ward_id":5019,"ward_no":72,"name":"Ganga Nagar","lgd_code":1302744,"area_km2":0.88,"centroid":[13.02321,77.58967]}},{"type":"Feature","geometry":{"type":"Polygon","coordinates":[[[77.6003,13.02118],[77.60094,13.02299],[77.5999,13.02351],[77.60045,13.02474],[77.60043,13.02558],[77.59812,13.02545],[77.59803,13.02492],[77.59711,13.02497],[77.59683,13.02343],[77.59626,13.0236],[77.59616,13.02323],[77.59453,13.02369],[77.59363,13.02043],[77.59443,13.02022],[77.59394,13.01874],[77.59477,13.01852],[77.59455,13.0178],[77.59501,13.0174],[77.59512,13.01667],[77.59483,13.01659],[77.5946,13.0159],[77.59284,13.01581],[77.59263,13.01506],[77.59144,13.01575],[77.59235,13.01914],[77.59247,13.02037],[77.59107,13.02058],[77.59081,13.0191],[77.58975,13.01725],[77.58782,13.01791],[77.58774,13.01845],[77.58703,13.01892],[77.58568,13.01862],[77.58393,13.0193],[77.58397,13.01451],[77.58667,13.0143],[77.58812,13.0135],[77.5917,13.00842],[77.59333,13.00559],[77.59475,13.00923],[77.59499,13.00911],[77.5958,13.01122],[77.59539,13.01138],[77.59585,13.01265],[77.59764,13.01558],[77.59768,13.01622],[77.59836,13.01769],[77.59974,13.01971],[77.60021,13.02096],[77.6003,13.02118]]]},"properties":{"ward_id":5022,"ward_no":73,"name":"Jayachamarajendra  Nagar","lgd_code":1302745,"area_km2":1.52,"centroid":[13.01808,77.59408]}},{"type":"Feature","geometry":{"type":"Polygon","coordinates":[[[77.60255,13.0366],[77.60163,13.03705],[77.60037,13.03923],[77.59886,13.03903],[77.59626,13.03918],[77.59687,13.03722],[77.59737,13.03699],[77.5975,13.03665],[77.59707,13.03577],[77.59873,13.03539],[77.59856,13.03418],[77.59937,13.034],[77.59928,13.03324],[77.60019,13.03322],[77.60029,13.0311],[77.59969,13.03019],[77.59939,13.0287],[77.5997,13.02786],[77.60429,13.02742],[77.60645,13.02685],[77.60807,13.03007],[77.60817,13.03045],[77.60742,13.03079],[77.60656,13.031],[77.60626,13.03087],[77.60641,13.03191],[77.60478,13.03216],[77.60462,13.03481],[77.60224,13.0351],[77.603,13.036],[77.60301,13.03637],[77.60261,13.03657],[77.60255,13.0366]]]},"properties":{"ward_id":5014,"ward_no":69,"name":"Manorayanapalya","lgd_code":1302741,"area_km2":0.82,"centroid":[13.03362,77.6018]}},{"type":"Feature","geometry":{"type":"Polygon","coordinates":[[[77.54064,13.08982],[77.5391,13.087],[77.53795,13.08576],[77.53688,13.08379],[77.53507,13.0838],[77.53172,13.08306],[77.53084,13.08281],[77.52995,13.08213],[77.52942,13.07902],[77.52953,13.07877],[77.53029,13.0786],[77.53041,13.0779],[77.53078,13.07787],[77.53096,13.0763],[77.53112,13.07586],[77.53152,13.07561],[77.53125,13.07391],[77.53138,13.07319],[77.53183,13.07248],[77.53098,13.06977],[77.53212,13.06905],[77.53396,13.06732],[77.53394,13.06603],[77.53473,13.06374],[77.5352,13.06325],[77.53386,13.06005],[77.53547,13.05767],[77.53491,13.05753],[77.53523,13.05662],[77.5351,13.05593],[77.5353,13.05483],[77.53896,13.05432],[77.54253,13.05492],[77.54471,13.05495],[77.54679,13.05673],[77.54799,13.05565],[77.54808,13.0575],[77.55031,13.05754],[77.55077,13.05987],[77.55155,13.05978],[77.5514,13.06015],[77.55206,13.06229],[77.55225,13.06423],[77.55304,13.06651],[77.55425,13.06866],[77.55463,13.06885],[77.55526,13.06986],[77.55155,13.07156],[77.55354,13.0761],[77.55207,13.07709],[77.55271,13.07828],[77.55242,13.07843],[77.55322,13.08026],[77.55513,13.0795],[77.55579,13.08112],[77.5561,13.08103],[77.5601,13.08418],[77.55891,13.08496],[77.55872,13.08472],[77.55561,13.08606],[77.55207,13.08438],[77.5501,13.08216],[77.54901,13.08206],[77.5486,13.0817],[77.54723,13.08194],[77.54749,13.08322],[77.54639,13.08339],[77.54643,13.08355],[77.54519,13.08353],[77.54526,13.08527],[77.54403,13.08624],[77.54157,13.08908],[77.54071,13.08997],[77.54064,13.08982],[77.54064,13.08982]]]},"properties":{"ward_id":4906,"ward_no":15,"name":"Kuvempunagar","lgd_code":1303153,"area_km2":7.34,"centroid":[13.0738,77.54306]}},{"type":"Feature","geometry":{"type":"Polygon","coordinates":[[[77.56792,13.06841],[77.56687,13.06854],[77.56695,13.06944],[77.56485,13.06988],[77.56058,13.06885],[77.55993,13.06543],[77.55926,13.06401],[77.55795,13.06353],[77.55572,13.06338],[77.55539,13.06357],[77.5553,13.06303],[77.55357,13.06316],[77.55221,13.06385],[77.55206,13.06229],[77.5514,13.06015],[77.55155,13.05978],[77.55077,13.05987],[77.55031,13.05754],[77.54808,13.0575],[77.54799,13.05565],[77.55098,13.05324],[77.55393,13.04942],[77.55666,13.04523],[77.5571,13.04267],[77.55739,13.04277],[77.55814,13.04232],[77.55922,13.04153],[77.5598,13.04048],[77.56064,13.04045],[77.56096,13.04],[77.57054,13.0568],[77.5696,13.05771],[77.5693,13.05926],[77.56778,13.05982],[77.56761,13.06019],[77.56655,13.06098],[77.56749,13.06265],[77.57101,13.06314],[77.57145,13.06383],[77.57189,13.06367],[77.57009,13.06675],[77.56921,13.06911],[77.56794,13.06838],[77.56792,13.06841]]]},"properties":{"ward_id":4902,"ward_no":13,"name":"Dodda Bommasandra","lgd_code":1303151,"area_km2":4.45,"centroid":[13.05856,77.56056]}},{"type":"Feature","geometry":{"type":"Polygon","coordinates":[[[77.57961,13.08668],[77.58021,13.08909],[77.57417,13.09044],[77.57029,13.09231],[77.56954,13.09438],[77.56993,13.09807],[77.56433,13.09758],[77.56285,13.09778],[77.56151,13.0952],[77.56007,13.088],[77.56307,13.08619],[77.56425,13.08454],[77.56478,13.08417],[77.56258,13.07986],[77.564,13.07806],[77.56394,13.07712],[77.56565,13.07645],[77.565,13.07543],[77.56386,13.07447],[77.56379,13.07359],[77.56315,13.07234],[77.56341,13.07228],[77.56331,13.07106],[77.56265,13.07115],[77.56228,13.06913],[77.56485,13.06988],[77.56695,13.06944],[77.56687,13.06854],[77.56705,13.0685],[77.56826,13.06845],[77.56921,13.06911],[77.57009,13.06675],[77.57189,13.06367],[77.57416,13.06181],[77.58132,13.06657],[77.59122,13.05917],[77.59345,13.05843],[77.59271,13.07344],[77.59745,13.07272],[77.60135,13.07296],[77.60179,13.07577],[77.60154,13.07588],[77.60162,13.07678],[77.60199,13.07698],[77.60217,13.07804],[77.60175,13.07811],[77.60196,13.08016],[77.60175,13.08017],[77.60286,13.08584],[77.60252,13.08613],[77.60214,13.08591],[77.59397,13.08738],[77.59372,13.08465],[77.59009,13.07607],[77.58291,13.07818],[77.58446,13.08363],[77.57917,13.08514],[77.57937,13.08559],[77.57961,13.08668]]]},"properties":{"ward_id":4898,"ward_no":11,"name":"Byatarayanapura","lgd_code":1303149,"area_km2":9.8,"centroid":[13.07837,77.57846]}},{"type":"Feature","geometry":{"type":"Polygon","coordinates":[[[77.56271,13.07121],[77.56331,13.07106],[77.56341,13.07228],[77.56315,13.07234],[77.56379,13.07359],[77.56386,13.07447],[77.565,13.07543],[77.56565,13.07645],[77.56394,13.07712],[77.564,13.07806],[77.56258,13.07986],[77.56479,13.08412],[77.56306,13.08619],[77.56033,13.08402],[77.5601,13.08418],[77.5561,13.08103],[77.55579,13.08112],[77.55513,13.0795],[77.55322,13.08026],[77.55242,13.07843],[77.55271,13.07828],[77.55207,13.07709],[77.55354,13.0761],[77.55155,13.07156],[77.55526,13.06986],[77.55463,13.06885],[77.55425,13.06866],[77.55304,13.06651],[77.55221,13.06385],[77.55357,13.06316],[77.5553,13.06303],[77.55539,13.06357],[77.55572,13.06338],[77.55795,13.06353],[77.55926,13.06401],[77.55993,13.06543],[77.56047,13.06875],[77.56228,13.06913],[77.56265,13.07115],[77.56271,13.07121]]]},"properties":{"ward_id":4903,"ward_no":14,"name":"Vidyaranyapura","lgd_code":1303152,"area_km2":2.23,"centroid":[13.07325,77.55857]}},{"type":"Feature","geometry":{"type":"Polygon","coordinates":[[[77.49338,13.06238],[77.49303,13.06254],[77.49303,13.06214],[77.49273,13.06209],[77.49096,13.05696],[77.49233,13.05474],[77.49247,13.05158],[77.49729,13.05061],[77.49665,13.04896],[77.50116,13.04738],[77.50204,13.04988],[77.50239,13.04982],[77.50294,13.05178],[77.50183,13.05216],[77.50229,13.05527],[77.5013,13.05525],[77.50071,13.0548],[77.50135,13.05591],[77.50169,13.05715],[77.5059,13.05639],[77.5073,13.05664],[77.50659,13.06151],[77.50512,13.06383],[77.50024,13.06309],[77.49856,13.06244],[77.49526,13.06254],[77.4936,13.06233],[77.49338,13.06238]]]},"properties":{"ward_id":4911,"ward_no":18,"name":"Bagalakunte","lgd_code":1303156,"area_km2":1.95,"centroid":[13.05667,77.49897]}},{"type":"Feature","geometry":{"type":"Polygon","coordinates":[[[77.76848,12.96255],[77.77016,12.96265],[77.77038,12.96292],[77.77066,12.96288],[77.77051,12.96321],[77.77077,12.96422],[77.77209,12.96593],[77.77363,12.96611],[77.77507,12.96669],[77.77635,12.96755],[77.77742,12.96782],[77.77763,12.96816],[77.77885,12.96765],[77.77879,12.96681],[77.78065,12.96709],[77.78122,12.96695],[77.78212,12.96617],[77.78406,12.96673],[77.7842,12.96701],[77.78436,12.96856],[77.78391,12.96936],[77.78365,12.97062],[77.78286,12.97099],[77.78115,12.97077],[77.78083,12.97032],[77.78022,12.97016],[77.77867,12.97048],[77.77863,12.97108],[77.77924,12.97224],[77.77815,12.9734],[77.77687,12.974],[77.77616,12.97497],[77.77698,12.97641],[77.77726,12.97654],[77.77767,12.97618],[77.77824,12.97622],[77.77883,12.97716],[77.77842,12.97856],[77.77703,12.97849],[77.77584,12.9799],[77.77467,12.98046],[77.77525,12.98131],[77.77537,12.98208],[77.77609,12.9825],[77.77691,12.98519],[77.77371,12.9842],[77.76952,12.98386],[77.76747,12.98336],[77.76639,12.98351],[77.76537,12.98329],[77.76481,12.98287],[77.76388,12.98273],[77.76305,12.98164],[77.76244,12.98143],[77.76228,12.98004],[77.76184,12.98004],[77.76166,12.9797],[77.7653,12.97944],[77.76379,12.9754],[77.76332,12.97508],[77.76262,12.9722],[77.76053,12.97288],[77.7592,12.97294],[77.75965,12.97394],[77.75835,12.97449],[77.75727,12.97252],[77.75672,12.97265],[77.75668,12.97225],[77.75392,12.97287],[77.75425,12.97451],[77.75535,12.97675],[77.75709,12.97671],[77.75817,12.98245],[77.75607,12.9828],[77.75432,12.98353],[77.7525,12.98379],[77.75067,12.9751],[77.74976,12.9685],[77.74754,12.96105],[77.74626,12.95862],[77.74646,12.95856],[77.74708,12.95677],[77.74755,12.95649],[77.75035,12.95623],[77.7534,12.9576],[77.75601,12.9591],[77.75625,12.95889],[77.7569,12.95913],[77.75682,12.95957],[77.75894,12.96058],[77.7592,12.96],[77.75993,12.96011],[77.76106,12.96066],[77.76183,12.96135],[77.76479,12.96234],[77.76704,12.96252],[77.76715,12.96228],[77.76814,12.96221],[77.76848,12.96255]]]},"properties":{"ward_id":5098,"ward_no":111,"name":"Hagadur","lgd_code":1302783,"area_km2":6.65,"centroid":[12.97121,77.76742]}},{"type":"Feature","geometry":{"type":"Polygon","coordinates":[[[77.70836,12.90972],[77.70835,12.90806],[77.7113,12.90786],[77.71423,12.90808],[77.71612,12.90739],[77.71764,12.90897],[77.71791,12.90887],[77.71786,12.90837],[77.7197,12.90798],[77.71978,12.90865],[77.7208,12.90882],[77.72079,12.90815],[77.72131,12.90785],[77.7227,12.90728],[77.72628,12.90657],[77.72761,12.91089],[77.72777,12.9145],[77.73207,12.91391],[77.73245,12.91421],[77.73436,12.91404],[77.73445,12.9132],[77.7374,12.91349],[77.73742,12.91469],[77.73802,12.91482],[77.73847,12.9146],[77.74099,12.91445],[77.7416,12.91413],[77.74194,12.91426],[77.74235,12.91398],[77.74467,12.91363],[77.74529,12.91616],[77.74579,12.91977],[77.75134,12.92201],[77.75227,12.9253],[77.75652,12.92625],[77.76235,12.92838],[77.76459,12.92876],[77.76538,12.93083],[77.76576,12.93333],[77.76641,12.93496],[77.7655,12.93705],[77.76553,12.93998],[77.76528,12.9423],[77.76559,12.94656],[77.76498,12.95117],[77.76455,12.95221],[77.76462,12.95568],[77.76439,12.95613],[77.76439,12.9574],[77.76467,12.95945],[77.76496,12.95993],[77.7667,12.95932],[77.76688,12.95958],[77.7672,12.95953],[77.7675,12.96021],[77.76815,12.96047],[77.76839,12.96123],[77.76895,12.96164],[77.76995,12.9619],[77.77036,12.96269],[77.76848,12.96255],[77.76814,12.96221],[77.76715,12.96228],[77.76704,12.96252],[77.76479,12.96234],[77.76183,12.96135],[77.76106,12.96066],[77.75935,12.95994],[77.75894,12.96058],[77.75682,12.95957],[77.7569,12.95913],[77.75625,12.95889],[77.75601,12.9591],[77.75184,12.95682],[77.75014,12.95619],[77.74755,12.95649],[77.74708,12.95677],[77.74646,12.95856],[77.74622,12.95863],[77.74546,12.95714],[77.74479,12.95663],[77.74438,12.95666],[77.74296,12.95408],[77.74163,12.95321],[77.73956,12.95282],[77.73772,12.95209],[77.73748,12.95177],[77.73762,12.95114],[77.73666,12.95088],[77.73508,12.94986],[77.73314,12.94937],[77.73319,12.94882],[77.7329,12.9488],[77.73278,12.94777],[77.73181,12.9477],[77.73124,12.94811],[77.73092,12.94808],[77.72983,12.94751],[77.72878,12.94756],[77.72878,12.94704],[77.72692,12.94689],[77.72573,12.94617],[77.72545,12.9464],[77.72459,12.94491],[77.7246,12.94432],[77.72498,12.94381],[77.72222,12.9433],[77.72035,12.94332],[77.71832,12.94261],[77.7188,12.94044],[77.71737,12.93907],[77.7174,12.93887],[77.71795,12.939],[77.71905,12.93317],[77.7188,12.92951],[77.71806,12.92807],[77.71676,12.92662],[77.71635,12.92557],[77.71356,12.9259],[77.71057,12.92423],[77.70932,12.92213],[77.70793,12.92038],[77.70337,12.91523],[77.70774,12.91356],[77.70826,12.91178],[77.70836,12.90973],[77.70836,12.90972]]]},"properties":{"ward_id":5099,"ward_no":112,"name":"Varthuru","lgd_code":1302784,"area_km2":22.36,"centroid":[12.93768,77.73977]}},{"type":"Feature","geometry":{"type":"Polygon","coordinates":[[[77.71476,12.95588],[77.70491,12.95661],[77.70683,12.93996],[77.70643,12.94024],[77.7062,12.93992],[77.70569,12.94009],[77.70594,12.94059],[77.70475,12.94144],[77.70435,12.94066],[77.7037,12.94098],[77.70204,12.93726],[77.70061,12.93775],[77.70037,12.93675],[77.70113,12.93657],[77.70049,12.93263],[77.70101,12.93266],[77.70116,12.93133],[77.69996,12.93119],[77.69953,12.93152],[77.69633,12.93209],[77.69506,12.93142],[77.69464,12.92912],[77.69491,12.92439],[77.69196,12.92609],[77.68988,12.9265],[77.68953,12.92489],[77.68888,12.92398],[77.68881,12.92497],[77.68574,12.92542],[77.68581,12.92364],[77.68542,12.92002],[77.6886,12.9199],[77.68893,12.91966],[77.69666,12.91941],[77.69903,12.9167],[77.69864,12.91537],[77.69848,12.91273],[77.69788,12.91106],[77.70259,12.90946],[77.70277,12.90972],[77.70338,12.90954],[77.70563,12.90868],[77.70623,12.91038],[77.707,12.91162],[77.70757,12.91212],[77.70812,12.91225],[77.70774,12.91356],[77.70337,12.91523],[77.70793,12.92038],[77.70932,12.92213],[77.71057,12.92423],[77.71356,12.9259],[77.71635,12.92557],[77.71676,12.92662],[77.71806,12.92807],[77.7188,12.92951],[77.71903,12.93337],[77.71795,12.939],[77.7174,12.93887],[77.71737,12.93907],[77.7188,12.94044],[77.71829,12.94258],[77.72035,12.94332],[77.72222,12.9433],[77.72498,12.94381],[77.7246,12.94432],[77.72459,12.94491],[77.72545,12.9464],[77.72511,12.94622],[77.72501,12.94735],[77.72536,12.9476],[77.7249,12.94785],[77.72387,12.95228],[77.72398,12.95589],[77.71567,12.95587],[77.71476,12.95588]]]},"properties":{"ward_id":5102,"ward_no":113,"name":"Munnekollala","lgd_code":1302785,"area_km2":9.39,"centroid":[12.93118,77.70674]}},{"type":"Feature","geometry":{"type":"Polygon","coordinates":[[[77.59515,12.91024],[77.59514,12.9108],[77.59559,12.91083],[77.59553,12.91266],[77.59607,12.91267],[77.59521,12.91447],[77.59387,12.91394],[77.59397,12.91342],[77.59221,12.91223],[77.59226,12.91019],[77.5821,12.91058],[77.57291,12.91142],[77.57326,12.90648],[77.57549,12.90646],[77.57546,12.90505],[77.577,12.90383],[77.57724,12.90387],[77.57691,12.90532],[77.5787,12.90537],[77.57867,12.90495],[77.57969,12.90471],[77.57966,12.90454],[77.5803,12.90436],[77.5803,12.90413],[77.58176,12.90374],[77.58173,12.90557],[77.58495,12.90517],[77.58497,12.90466],[77.58644,12.90464],[77.58645,12.90558],[77.58805,12.90555],[77.58812,12.90508],[77.59005,12.9048],[77.59023,12.90571],[77.59341,12.90527],[77.59343,12.90626],[77.59498,12.90626],[77.59508,12.90896],[77.59515,12.91024]]]},"properties":{"ward_id":6964,"ward_no":199,"name":"Sarakki","lgd_code":null,"area_km2":1.54,"centroid":[12.90736,77.58611]}},{"type":"Feature","geometry":{"type":"Polygon","coordinates":[[[77.60011,12.9205],[77.59514,12.9205],[77.5951,12.9189],[77.58948,12.91881],[77.58945,12.91691],[77.5858,12.91701],[77.5857,12.91048],[77.59226,12.91019],[77.59221,12.91223],[77.59397,12.91342],[77.59387,12.91394],[77.59521,12.91447],[77.59607,12.91267],[77.59553,12.91266],[77.59559,12.91083],[77.59514,12.9108],[77.59498,12.90626],[77.59343,12.90626],[77.59399,12.90266],[77.59664,12.90246],[77.59947,12.9011],[77.59894,12.9035],[77.59942,12.90387],[77.60146,12.90351],[77.60186,12.9053],[77.60173,12.9058],[77.6005,12.90724],[77.60022,12.90858],[77.59988,12.91262],[77.60008,12.92003],[77.60011,12.9205]]]},"properties":{"ward_id":5271,"ward_no":198,"name":"J P Nagar","lgd_code":1302870,"area_km2":1.94,"centroid":[12.91078,77.59577]}},{"type":"Feature","geometry":{"type":"Polygon","coordinates":[[[77.66657,13.06261],[77.6673,13.06405],[77.66702,13.06591],[77.66009,13.06788],[77.65966,13.06821],[77.65782,13.07297],[77.65649,13.07461],[77.65652,13.06782],[77.6559,13.06406],[77.65538,13.05754],[77.65552,13.05654],[77.65513,13.05515],[77.65552,13.05507],[77.65553,13.05266],[77.65485,13.04889],[77.65512,13.04808],[77.6561,13.0481],[77.65614,13.04684],[77.65287,13.04656],[77.65217,13.04708],[77.64998,13.04773],[77.64744,13.04806],[77.6472,13.04833],[77.64747,13.04887],[77.64727,13.04906],[77.64742,13.04941],[77.64705,13.04951],[77.64802,13.05092],[77.64725,13.05273],[77.6471,13.05424],[77.64732,13.05428],[77.64733,13.05506],[77.64728,13.0557],[77.6471,13.05565],[77.64696,13.05616],[77.64713,13.05674],[77.64691,13.05727],[77.64703,13.05752],[77.64889,13.05771],[77.64907,13.05883],[77.65161,13.0587],[77.65196,13.06075],[77.65159,13.07098],[77.65068,13.07797],[77.64976,13.08086],[77.6466,13.08515],[77.64552,13.08339],[77.64455,13.08232],[77.64215,13.07783],[77.64097,13.07696],[77.63956,13.07667],[77.63831,13.07516],[77.63949,13.07493],[77.63953,13.06969],[77.6387,13.06654],[77.63819,13.06153],[77.63836,13.0575],[77.63815,13.05464],[77.63834,13.05453],[77.63778,13.05181],[77.63843,13.05155],[77.63814,13.0501],[77.63833,13.05006],[77.63731,13.04603],[77.63712,13.0435],[77.63729,13.04281],[77.63801,13.04322],[77.63926,13.04331],[77.64133,13.04249],[77.64146,13.03951],[77.64237,13.03898],[77.64377,13.03897],[77.64442,13.03623],[77.64494,13.03588],[77.64323,13.03591],[77.64318,13.03533],[77.64271,13.03508],[77.6424,13.03514],[77.64212,13.0357],[77.63965,13.03204],[77.64101,13.03186],[77.64356,13.03211],[77.64346,13.03073],[77.64544,13.03075],[77.64537,13.03188],[77.64559,13.03262],[77.64689,13.03234],[77.64754,13.03373],[77.64888,13.03351],[77.6488,13.03221],[77.65097,13.03193],[77.65094,13.03171],[77.65224,13.03143],[77.6523,13.03176],[77.65349,13.0315],[77.65371,13.03209],[77.65953,13.02492],[77.66143,13.02732],[77.66374,13.02874],[77.66044,13.03229],[77.65966,13.03268],[77.66018,13.03478],[77.6601,13.03725],[77.66037,13.03852],[77.66181,13.03868],[77.66197,13.04096],[77.665,13.04031],[77.66546,13.04319],[77.66571,13.04324],[77.66577,13.04359],[77.66572,13.04561],[77.66676,13.04527],[77.66703,13.04489],[77.66806,13.04478],[77.66892,13.04533],[77.66995,13.04906],[77.67172,13.05114],[77.67224,13.05099],[77.67236,13.05115],[77.67155,13.05124],[77.67002,13.0501],[77.66932,13.04993],[77.66576,13.05003],[77.66425,13.05081],[77.66526,13.05478],[77.6656,13.06064],[77.66639,13.06223],[77.66657,13.06261]]]},"properties":{"ward_id":5038,"ward_no":81,"name":"Horamavu","lgd_code":1302753,"area_km2":11.84,"centroid":[13.04977,77.65183]}},{"type":"Feature","geometry":{"type":"Polygon","coordinates":[[[77.65805,13.02676],[77.65371,13.03209],[77.65349,13.0315],[77.6523,13.03176],[77.65224,13.03143],[77.65094,13.03171],[77.65097,13.03193],[77.6488,13.03221],[77.64888,13.03351],[77.64754,13.03373],[77.64689,13.03234],[77.64559,13.03262],[77.64537,13.03188],[77.64544,13.03075],[77.64346,13.03073],[77.64356,13.03211],[77.64101,13.03186],[77.63965,13.03204],[77.6394,13.03138],[77.63787,13.02993],[77.6376,13.02799],[77.63635,13.0278],[77.6335,13.02869],[77.63272,13.02777],[77.63581,13.02663],[77.64011,13.02571],[77.66171,13.01641],[77.66209,13.01573],[77.66228,13.0132],[77.66318,13.01298],[77.66255,13.02017],[77.66136,13.02267],[77.65953,13.02492],[77.65805,13.02676]]]},"properties":{"ward_id":5039,"ward_no":82,"name":"Babusab Palya","lgd_code":1302754,"area_km2":2.68,"centroid":[13.02797,77.6483]}},{"type":"Feature","geometry":{"type":"Polygon","coordinates":[[[77.68168,13.05138],[77.67981,13.05249],[77.67565,13.05255],[77.67469,13.05137],[77.67378,13.05079],[77.67172,13.05114],[77.66995,13.04906],[77.66892,13.04533],[77.66806,13.04478],[77.66703,13.04489],[77.66676,13.04527],[77.66572,13.04561],[77.66577,13.04359],[77.66571,13.04324],[77.66546,13.04319],[77.665,13.04031],[77.66197,13.04096],[77.66181,13.03868],[77.66037,13.03852],[77.6601,13.03725],[77.66018,13.03478],[77.65966,13.03268],[77.66044,13.03229],[77.66374,13.02874],[77.66143,13.02732],[77.65953,13.02492],[77.66199,13.02163],[77.66276,13.01915],[77.66553,13.01857],[77.66573,13.01944],[77.66936,13.0185],[77.66895,13.01675],[77.67206,13.01831],[77.67451,13.01999],[77.67815,13.01839],[77.67836,13.02129],[77.68367,13.02065],[77.68629,13.02069],[77.68729,13.02099],[77.68729,13.02175],[77.68859,13.02198],[77.68383,13.0229],[77.6832,13.02687],[77.68316,13.02878],[77.68362,13.03476],[77.68473,13.04163],[77.68505,13.04511],[77.68397,13.05011],[77.68361,13.04996],[77.68179,13.05129],[77.68168,13.05138]]]},"properties":{"ward_id":5042,"ward_no":83,"name":"Kalkere","lgd_code":1302755,"area_km2":7.99,"centroid":[13.03481,77.67237]}},{"type":"Feature","geometry":{"type":"Polygon","coordinates":[[[77.72439,13.02845],[77.72481,13.02869],[77.72485,13.03241],[77.72419,13.03257],[77.72391,13.03357],[77.72335,13.03351],[77.72145,13.03411],[77.72118,13.03384],[77.71742,13.0329],[77.71734,13.03158],[77.71496,13.03195],[77.71196,13.02819],[77.71066,13.02594],[77.70915,13.0253],[77.70592,13.02619],[77.7034,13.02581],[77.70119,13.02495],[77.70168,13.02744],[77.69438,13.02674],[77.68859,13.02198],[77.68729,13.02175],[77.68722,13.02093],[77.68389,13.02063],[77.67836,13.02129],[77.67815,13.01829],[77.67852,13.01478],[77.6815,13.01485],[77.68199,13.01401],[77.68511,13.01461],[77.68561,13.01571],[77.68569,13.01666],[77.68677,13.01653],[77.68671,13.01726],[77.68871,13.01725],[77.6886,13.01886],[77.69017,13.01902],[77.68984,13.01995],[77.69119,13.01989],[77.69108,13.02266],[77.69151,13.02273],[77.69289,13.02261],[77.69308,13.02215],[77.69563,13.02108],[77.69693,13.02151],[77.69709,13.02237],[77.70028,13.02147],[77.70122,13.02154],[77.70164,13.02112],[77.70498,13.02086],[77.70435,13.01908],[77.70446,13.01707],[77.72316,13.02777],[77.72439,13.02845]]]},"properties":{"ward_id":5050,"ward_no":87,"name":"Medahalli","lgd_code":1302759,"area_km2":3.3,"centroid":[13.02332,77.69997]}},{"type":"Feature","geometry":{"type":"Polygon","coordinates":[[[77.6784,13.01699],[77.67815,13.01839],[77.67451,13.01999],[77.67206,13.01831],[77.66895,13.01675],[77.66936,13.0185],[77.66573,13.01944],[77.66553,13.01857],[77.66276,13.01915],[77.66318,13.01298],[77.66228,13.0132],[77.66257,13.00819],[77.66327,13.00339],[77.66371,13.00337],[77.66422,13.00343],[77.66413,13.00477],[77.66649,13.0049],[77.66804,13.01197],[77.67036,13.01159],[77.67686,13.01142],[77.67695,13.00975],[77.67727,13.00905],[77.67889,13.00956],[77.67957,13.00942],[77.68066,13.01016],[77.68067,13.01118],[77.682,13.01108],[77.68265,13.01127],[77.68265,13.01402],[77.68199,13.01401],[77.6815,13.01485],[77.67852,13.01478],[77.67845,13.0166],[77.6784,13.01699]]]},"properties":{"ward_id":5043,"ward_no":84,"name":"Ramamurthy Nagara","lgd_code":1302756,"area_km2":1.99,"centroid":[13.01246,77.6728]}},{"type":"Feature","geometry":{"type":"Polygon","coordinates":[[[77.67104,13.01156],[77.66804,13.01197],[77.66649,13.0049],[77.66413,13.00477],[77.66422,13.00343],[77.66327,13.00339],[77.66359,12.99826],[77.66407,12.99748],[77.6662,12.99871],[77.66856,12.99967],[77.672,13.00048],[77.67553,13.0007],[77.67534,13.0014],[77.67548,13.00228],[77.67604,13.0022],[77.67628,13.00191],[77.67697,13.00211],[77.67679,13.0032],[77.67707,13.00361],[77.67708,13.00498],[77.67568,13.00527],[77.67567,13.00543],[77.67512,13.00521],[77.67473,13.00643],[77.67437,13.0068],[77.67443,13.00777],[77.67477,13.00865],[77.67578,13.00809],[77.67601,13.00833],[77.67602,13.00883],[77.67691,13.01089],[77.67686,13.01142],[77.67153,13.01154],[77.67104,13.01156]]]},"properties":{"ward_id":5046,"ward_no":85,"name":"Vijinapura","lgd_code":1302757,"area_km2":1.48,"centroid":[13.0049,77.67261]}},{"type":"Feature","geometry":{"type":"Polygon","coordinates":[[[77.71359,13.02243],[77.70446,13.01707],[77.70435,13.01908],[77.70498,13.02086],[77.70164,13.02112],[77.70122,13.02154],[77.70028,13.02147],[77.69709,13.02237],[77.69693,13.02151],[77.69563,13.02108],[77.69308,13.02215],[77.69279,13.02264],[77.69108,13.02266],[77.69119,13.01989],[77.68984,13.01995],[77.69017,13.01902],[77.6886,13.01886],[77.68871,13.01725],[77.68671,13.01726],[77.68677,13.01653],[77.68569,13.01666],[77.68561,13.01571],[77.68511,13.01461],[77.68265,13.01402],[77.68265,13.01127],[77.682,13.01108],[77.68067,13.01118],[77.68063,13.01013],[77.67955,13.00941],[77.67889,13.00956],[77.6776,13.00903],[77.67727,13.00905],[77.67706,13.00937],[77.67695,13.01073],[77.67677,13.01083],[77.67593,13.00822],[77.67578,13.00809],[77.67477,13.00865],[77.67443,13.00777],[77.67437,13.0068],[77.67473,13.00643],[77.67512,13.00521],[77.67567,13.00543],[77.67568,13.00527],[77.67708,13.00498],[77.67707,13.00361],[77.67679,13.0032],[77.67697,13.00211],[77.67628,13.00191],[77.67604,13.0022],[77.67548,13.00228],[77.67534,13.0014],[77.67553,13.0007],[77.67737,13.00069],[77.68717,13.00628],[77.68951,13.00743],[77.69093,13.00784],[77.69354,13.00827],[77.69585,13.00835],[77.69907,13.0066],[77.70049,13.00607],[77.70089,13.00748],[77.70153,13.00728],[77.70168,13.00809],[77.70186,13.00806],[77.70252,13.01376],[77.70535,13.01384],[77.70542,13.01342],[77.70616,13.01314],[77.7072,13.01343],[77.70751,13.01385],[77.71085,13.01437],[77.71084,13.01475],[77.7114,13.0152],[77.71206,13.01801],[77.71243,13.01853],[77.71432,13.02023],[77.71521,13.01989],[77.71552,13.02103],[77.71501,13.02124],[77.71525,13.02164],[77.71401,13.02168],[77.71354,13.02222],[77.71365,13.02234],[77.71359,13.02243]]]},"properties":{"ward_id":5047,"ward_no":86,"name":"K R Puram","lgd_code":1302758,"area_km2":4.41,"centroid":[13.01282,77.69214]}},{"type":"Feature","geometry":{"type":"Polygon","coordinates":[[[77.72316,13.02777],[77.71358,13.02244],[77.71401,13.02168],[77.71525,13.02164],[77.71501,13.02124],[77.71552,13.02103],[77.71521,13.01989],[77.71432,13.02023],[77.71243,13.01853],[77.71206,13.01801],[77.7114,13.0152],[77.71084,13.01475],[77.71085,13.01437],[77.70751,13.01385],[77.7072,13.01343],[77.70616,13.01314],[77.70542,13.01342],[77.70535,13.01384],[77.70252,13.01376],[77.70186,13.00806],[77.70168,13.00809],[77.70153,13.00728],[77.70089,13.00748],[77.70049,13.00607],[77.70019,13.00618],[77.69995,13.00552],[77.69941,12.99979],[77.70587,12.99931],[77.70713,13.00431],[77.71031,13.00428],[77.71355,13.00464],[77.71585,13.00444],[77.71829,13.00455],[77.71896,13.00613],[77.7197,13.01009],[77.72619,13.0102],[77.72808,13.01055],[77.72866,13.01445],[77.72977,13.01759],[77.7301,13.01981],[77.7295,13.0202],[77.72566,13.02594],[77.72515,13.02593],[77.72481,13.02869],[77.7241,13.02829],[77.72316,13.02777]]]},"properties":{"ward_id":5051,"ward_no":88,"name":"Basavanapura","lgd_code":1302760,"area_km2":5.0,"centroid":[13.01391,77.71346]}},{"type":"Feature","geometry":{"type":"Polygon","coordinates":[[[77.70019,13.00618],[77.69585,13.00835],[77.69317,13.00824],[77.68999,13.00761],[77.68717,13.00628],[77.67681,13.00037],[77.68091,13.00037],[77.68162,12.99963],[77.6837,12.99627],[77.68746,12.9912],[77.68881,12.99241],[77.69067,12.99726],[77.69497,12.9956],[77.69801,12.99502],[77.70225,12.9938],[77.70277,12.99519],[77.70283,12.99569],[77.70261,12.99581],[77.70276,12.99634],[77.70301,12.99703],[77.70405,12.99832],[77.70424,12.99953],[77.69941,12.99979],[77.69995,13.00552],[77.70019,13.00618]]]},"properties":{"ward_id":5054,"ward_no":89,"name":"Devasandra","lgd_code":1302761,"area_km2":2.82,"centroid":[12.99924,77.69472]}},{"type":"Feature","geometry":{"type":"Polygon","coordinates":[[[77.67643,13.0007],[77.672,13.00048],[77.66856,12.99967],[77.6662,12.99871],[77.66279,12.99676],[77.66553,12.99238],[77.66691,12.99105],[77.66836,12.99019],[77.66763,12.98953],[77.66741,12.98867],[77.66753,12.98594],[77.66782,12.98587],[77.66797,12.98549],[77.66948,12.98612],[77.67171,12.98588],[77.67293,12.98637],[77.67492,12.98637],[77.67426,12.98686],[77.67585,12.98739],[77.67581,12.99106],[77.67521,12.99125],[77.67539,12.99211],[77.67488,12.99225],[77.6749,12.99279],[77.67546,12.9954],[77.67611,12.99698],[77.67616,12.99834],[77.67675,12.99846],[77.67665,13.00028],[77.67737,13.00069],[77.67708,13.00069],[77.67643,13.0007]]]},"properties":{"ward_id":5058,"ward_no":91,"name":"A Narayanapura","lgd_code":1302763,"area_km2":1.66,"centroid":[12.99273,77.67213]}},{"type":"Feature","geometry":{"type":"Polygon","coordinates":[[[77.68852,12.99204],[77.68746,12.9912],[77.6837,12.99627],[77.68162,12.99963],[77.68091,13.00037],[77.67665,13.00028],[77.67675,12.99846],[77.67616,12.99834],[77.67611,12.99698],[77.67546,12.9954],[77.6749,12.99279],[77.67488,12.99225],[77.67539,12.99211],[77.67521,12.99125],[77.67581,12.99106],[77.67585,12.98739],[77.67426,12.98686],[77.67859,12.98408],[77.67984,12.98357],[77.68044,12.98275],[77.67951,12.97905],[77.67938,12.97651],[77.6787,12.97461],[77.68051,12.97441],[77.68222,12.97389],[77.68252,12.97494],[77.68434,12.9742],[77.68494,12.97512],[77.684,12.97595],[77.6849,12.97803],[77.68563,12.97838],[77.68681,12.97951],[77.68882,12.97851],[77.69018,12.9818],[77.6916,12.98154],[77.69223,12.98186],[77.69332,12.98187],[77.6935,12.98158],[77.69437,12.98157],[77.69518,12.98112],[77.69567,12.98235],[77.69585,12.98392],[77.69556,12.99028],[77.69349,12.99042],[77.69089,12.99156],[77.68868,12.99197],[77.68852,12.99204]]]},"properties":{"ward_id":5055,"ward_no":90,"name":"Mahadevapura","lgd_code":1302762,"area_km2":3.67,"centroid":[12.98583,77.68394]}},{"type":"Feature","geometry":{"type":"Polygon","coordinates":[[[77.67625,12.97309],[77.67362,12.97375],[77.66885,12.9754],[77.66731,12.97557],[77.66652,12.97533],[77.66661,12.97443],[77.66691,12.9743],[77.66666,12.97301],[77.66697,12.97262],[77.66657,12.97245],[77.66649,12.97187],[77.66605,12.97146],[77.66539,12.96815],[77.66558,12.96812],[77.66552,12.96613],[77.66656,12.96524],[77.66694,12.96627],[77.66852,12.9659],[77.66858,12.96355],[77.67031,12.96315],[77.67029,12.96275],[77.67084,12.96274],[77.67075,12.9634],[77.67153,12.96341],[77.67163,12.96426],[77.67332,12.96461],[77.67546,12.96482],[77.67741,12.96462],[77.67858,12.9651],[77.68039,12.96432],[77.68213,12.96411],[77.68303,12.96604],[77.68264,12.96701],[77.68255,12.96923],[77.68184,12.97068],[77.68178,12.97203],[77.68419,12.97169],[77.68422,12.97122],[77.68636,12.97122],[77.68682,12.97322],[77.6859,12.97395],[77.68574,12.97465],[77.68494,12.97512],[77.68434,12.9742],[77.68252,12.97494],[77.68222,12.97389],[77.68051,12.97441],[77.6787,12.97461],[77.67812,12.97271],[77.67672,12.97297],[77.67625,12.97309]]]},"properties":{"ward_id":5059,"ward_no":92,"name":"Vijnana Nagar","lgd_code":1302764,"area_km2":2.06,"centroid":[12.96975,77.67503]}},{"type":"Feature","geometry":{"type":"Polygon","coordinates":[[[77.63182,12.86177],[77.63234,12.86114],[77.63435,12.86179],[77.63424,12.86205],[77.63474,12.86266],[77.63532,12.86296],[77.63751,12.86284],[77.63853,12.86332],[77.63884,12.86491],[77.64126,12.86497],[77.6417,12.86368],[77.64192,12.86359],[77.64209,12.86223],[77.64305,12.85949],[77.64307,12.85115],[77.64491,12.85216],[77.6449,12.85175],[77.6456,12.85197],[77.64575,12.8517],[77.64617,12.8521],[77.64759,12.85235],[77.64773,12.85186],[77.64931,12.85214],[77.64921,12.85275],[77.64962,12.85293],[77.64979,12.85224],[77.65008,12.8521],[77.65028,12.85218],[77.64995,12.85369],[77.65039,12.85387],[77.65034,12.85439],[77.6526,12.85497],[77.65314,12.85535],[77.65321,12.85566],[77.65443,12.85584],[77.65491,12.85619],[77.65528,12.85623],[77.65551,12.85553],[77.65585,12.85572],[77.65575,12.85638],[77.65644,12.8565],[77.65638,12.857],[77.65755,12.8572],[77.6575,12.85816],[77.65409,12.85967],[77.65447,12.86282],[77.65545,12.86752],[77.65374,12.86966],[77.65319,12.86954],[77.65063,12.8704],[77.64884,12.87038],[77.64246,12.87161],[77.64105,12.87199],[77.64024,12.8725],[77.64004,12.87354],[77.64016,12.87444],[77.6397,12.87602],[77.63696,12.87996],[77.63756,12.8837],[77.63825,12.8837],[77.63893,12.88522],[77.63821,12.88542],[77.63831,12.88577],[77.63684,12.88637],[77.63517,12.88782],[77.63495,12.88776],[77.63519,12.88638],[77.63233,12.8861],[77.63147,12.88926],[77.63287,12.88941],[77.6328,12.89241],[77.63022,12.89277],[77.62987,12.89207],[77.62943,12.89175],[77.62925,12.89086],[77.62861,12.89013],[77.62858,12.88809],[77.62554,12.88839],[77.62556,12.88856],[77.62147,12.88886],[77.62138,12.8886],[77.6199,12.88887],[77.6192,12.88804],[77.61866,12.88647],[77.6219,12.88629],[77.62178,12.8851],[77.6221,12.88361],[77.623,12.88304],[77.62343,12.8824],[77.62332,12.88127],[77.62458,12.88092],[77.6247,12.87843],[77.62552,12.87785],[77.62575,12.87706],[77.62472,12.87726],[77.62479,12.87588],[77.62428,12.87582],[77.624,12.87387],[77.62366,12.87355],[77.62401,12.87332],[77.62517,12.87347],[77.62754,12.86945],[77.62868,12.86655],[77.63164,12.86198],[77.63182,12.86177]]]},"properties":{"ward_id":6965,"ward_no":227,"name":"Begur","lgd_code":null,"area_km2":7.11,"centroid":[12.87038,77.63843]}},{"type":"Feature","geometry":{"type":"Polygon","coordinates":[[[77.60937,12.85123],[77.61275,12.85175],[77.61436,12.85422],[77.61649,12.85571],[77.61684,12.85753],[77.61811,12.85741],[77.61891,12.85759],[77.61904,12.85814],[77.62646,12.85749],[77.6274,12.85704],[77.62906,12.85691],[77.63039,12.85858],[77.63086,12.85992],[77.63163,12.86024],[77.63168,12.86055],[77.63234,12.86114],[77.62868,12.86655],[77.62754,12.86945],[77.62517,12.87347],[77.62401,12.87332],[77.62366,12.87355],[77.624,12.87387],[77.62428,12.87582],[77.62479,12.87588],[77.62472,12.87726],[77.62575,12.87706],[77.62552,12.87785],[77.6247,12.87843],[77.62458,12.88092],[77.62332,12.88127],[77.62343,12.8824],[77.623,12.88304],[77.6221,12.88361],[77.62178,12.8851],[77.6219,12.88629],[77.61866,12.88647],[77.61822,12.88475],[77.61785,12.88475],[77.61773,12.88386],[77.61762,12.88169],[77.61871,12.88123],[77.61823,12.87956],[77.61792,12.87926],[77.61788,12.87897],[77.61832,12.87891],[77.61804,12.8778],[77.61757,12.87717],[77.61768,12.87637],[77.61753,12.87606],[77.61492,12.87626],[77.61534,12.87308],[77.61528,12.87162],[77.61499,12.87113],[77.61358,12.8713],[77.6128,12.86541],[77.61146,12.86614],[77.61114,12.86665],[77.6111,12.86742],[77.61033,12.86752],[77.61027,12.86688],[77.60838,12.867],[77.60808,12.86813],[77.60802,12.86967],[77.60714,12.86993],[77.60642,12.8699],[77.6052,12.86812],[77.60487,12.867],[77.60466,12.86703],[77.60429,12.86478],[77.60351,12.86466],[77.60354,12.86523],[77.60263,12.86665],[77.60148,12.86677],[77.60154,12.86628],[77.59954,12.86632],[77.59903,12.86673],[77.59806,12.86678],[77.59757,12.86886],[77.59678,12.87028],[77.59611,12.87268],[77.59568,12.87296],[77.59426,12.87314],[77.59052,12.86236],[77.59201,12.86205],[77.59236,12.86253],[77.59465,12.86221],[77.59518,12.86379],[77.59603,12.86217],[77.59669,12.86201],[77.59495,12.85947],[77.59349,12.85213],[77.59275,12.85064],[77.59058,12.84987],[77.58942,12.85008],[77.58885,12.84873],[77.58832,12.84902],[77.58721,12.84675],[77.58318,12.84188],[77.58201,12.83645],[77.58702,12.83349],[77.58967,12.83547],[77.59056,12.83559],[77.59063,12.83496],[77.59153,12.83458],[77.59275,12.83723],[77.59385,12.84045],[77.59453,12.84633],[77.59553,12.84909],[77.59778,12.84833],[77.60019,12.84791],[77.60267,12.8484],[77.60447,12.84817],[77.60708,12.84747],[77.60922,12.84607],[77.60901,12.84839],[77.60918,12.85121],[77.60937,12.85123]]]},"properties":{"ward_id":6966,"ward_no":226,"name":"Kalena Agrahara","lgd_code":null,"area_km2":10.31,"centroid":[12.8641,77.60933]}},{"type":"Feature","geometry":{"type":"Polygon","coordinates":[[[77.54862,12.91803],[77.54684,12.91833],[77.54672,12.91803],[77.54476,12.91829],[77.5447,12.91752],[77.54357,12.91748],[77.54347,12.91644],[77.5453,12.91595],[77.54531,12.91539],[77.54664,12.91505],[77.54628,12.91366],[77.54595,12.91258],[77.54561,12.91267],[77.54544,12.91226],[77.5451,12.91234],[77.54499,12.91164],[77.54469,12.9117],[77.5443,12.90988],[77.54315,12.9093],[77.54236,12.90942],[77.54215,12.90911],[77.54108,12.90881],[77.53979,12.90806],[77.5395,12.9053],[77.53819,12.90378],[77.53931,12.90134],[77.54022,12.90245],[77.54135,12.90182],[77.54197,12.90217],[77.54229,12.90271],[77.54421,12.90182],[77.54455,12.90338],[77.54428,12.90401],[77.54473,12.90389],[77.54553,12.90616],[77.54494,12.90632],[77.54502,12.90671],[77.54734,12.90759],[77.54925,12.90914],[77.547,12.90973],[77.54712,12.9113],[77.54801,12.91151],[77.54971,12.91136],[77.54978,12.91039],[77.5503,12.90978],[77.54958,12.90934],[77.54974,12.90892],[77.55246,12.90804],[77.55205,12.90698],[77.55356,12.90633],[77.55467,12.90953],[77.55489,12.90957],[77.55582,12.91146],[77.55479,12.91157],[77.55426,12.91131],[77.55273,12.91171],[77.55209,12.91161],[77.55364,12.91436],[77.55209,12.91502],[77.55051,12.91532],[77.5506,12.91578],[77.54803,12.91649],[77.5481,12.91716],[77.54846,12.91718],[77.54855,12.91778],[77.54862,12.91803]]]},"properties":{"ward_id":6967,"ward_no":217,"name":"Uttarahalli","lgd_code":null,"area_km2":1.33,"centroid":[12.91062,77.54689]}},{"type":"Feature","geometry":{"type":"Polygon","coordinates":[[[77.56303,12.91971],[77.5622,12.92025],[77.56152,12.92161],[77.5587,12.92219],[77.55801,12.91966],[77.55746,12.91985],[77.55765,12.9204],[77.55566,12.92107],[77.55403,12.92093],[77.55314,12.92037],[77.5526,12.91969],[77.55211,12.91972],[77.55197,12.91792],[77.55123,12.91679],[77.55186,12.91638],[77.55167,12.91609],[77.55219,12.91553],[77.55192,12.91507],[77.55364,12.91436],[77.55209,12.91161],[77.55273,12.91171],[77.55426,12.91131],[77.55479,12.91157],[77.55582,12.91146],[77.55565,12.91102],[77.5565,12.91072],[77.5581,12.91047],[77.55833,12.91074],[77.55846,12.90863],[77.56012,12.90988],[77.56216,12.90878],[77.56248,12.90896],[77.56272,12.91102],[77.56288,12.91135],[77.56318,12.91134],[77.56343,12.91321],[77.5596,12.91376],[77.56087,12.9149],[77.56202,12.91654],[77.56284,12.91914],[77.56303,12.91971]],[[77.54802,12.91141],[77.54971,12.91136],[77.54978,12.91039],[77.5503,12.90978],[77.54925,12.90914],[77.547,12.90973],[77.54712,12.9113],[77.54802,12.91151],[77.54802,12.91141]]]},"properties":{"ward_id":6968,"ward_no":206,"name":"Padmanabha Nagar","lgd_code":null,"area_km2":1.26,"centroid":[12.91514,77.55724]}},{"type":"Feature","geometry":{"type":"Polygon","coordinates":[[[77.56365,12.9304],[77.56253,12.93071],[77.56199,12.93061],[77.56019,12.92945],[77.55914,12.9282],[77.55621,12.92641],[77.55514,12.92551],[77.55447,12.92359],[77.55625,12.92297],[77.55566,12.92107],[77.55765,12.9204],[77.55747,12.92001],[77.55762,12.91973],[77.55811,12.91973],[77.5587,12.92219],[77.56152,12.92161],[77.5622,12.92025],[77.56358,12.91925],[77.56495,12.91648],[77.56549,12.91648],[77.56601,12.91607],[77.56625,12.91756],[77.56683,12.9174],[77.56711,12.91852],[77.56871,12.91811],[77.57051,12.92508],[77.57031,12.92581],[77.56927,12.92654],[77.5694,12.92707],[77.569,12.92722],[77.56931,12.92994],[77.56668,12.92995],[77.56367,12.93039],[77.56365,12.9304]]]},"properties":{"ward_id":6969,"ward_no":202,"name":"Ganesh Mandir ward","lgd_code":null,"area_km2":1.64,"centroid":[12.92348,77.5629]}},{"type":"Feature","geometry":{"type":"Polygon","coordinates":[[[77.56867,12.91756],[77.56871,12.91811],[77.56711,12.91852],[77.56683,12.9174],[77.56625,12.91756],[77.56594,12.91641],[77.5661,12.91628],[77.56578,12.91594],[77.56562,12.91492],[77.56654,12.91478],[77.56716,12.91617],[77.56807,12.91606],[77.56767,12.91484],[77.56829,12.91464],[77.56745,12.91389],[77.56831,12.91364],[77.56847,12.91287],[77.56835,12.91237],[77.56727,12.91257],[77.56727,12.91233],[77.57181,12.90683],[77.57317,12.90647],[77.57291,12.91165],[77.57345,12.9143],[77.57353,12.91698],[77.57289,12.91663],[77.5704,12.91634],[77.56997,12.91565],[77.56957,12.9155],[77.56879,12.9171],[77.56867,12.91756]]]},"properties":{"ward_id":6970,"ward_no":203,"name":"Banashankari Temple ward","lgd_code":null,"area_km2":0.57,"centroid":[12.91481,77.56875]}},{"type":"Feature","geometry":{"type":"Polygon","coordinates":[[[77.55382,12.9804],[77.55385,12.98062],[77.54902,12.98081],[77.54908,12.98442],[77.5446,12.9851],[77.54241,12.98571],[77.5429,12.98147],[77.5425,12.97783],[77.54344,12.97763],[77.5433,12.97683],[77.54148,12.97702],[77.54128,12.97547],[77.54044,12.97557],[77.54028,12.97424],[77.53876,12.97391],[77.5378,12.97326],[77.53859,12.9729],[77.54366,12.97412],[77.54741,12.97423],[77.54774,12.97429],[77.54836,12.97507],[77.54961,12.97397],[77.55063,12.97371],[77.55296,12.97537],[77.55449,12.97557],[77.55516,12.97703],[77.55455,12.97733],[77.55527,12.98012],[77.55375,12.97984],[77.55382,12.9804]]]},"properties":{"ward_id":5167,"ward_no":146,"name":"Dr. Raj Kumar Ward","lgd_code":1302818,"area_km2":1.32,"centroid":[12.97737,77.5468]}},{"type":"Feature","geometry":{"type":"Polygon","coordinates":[[[77.53975,12.98696],[77.53751,12.98791],[77.5373,12.98624],[77.53705,12.98347],[77.53724,12.98212],[77.53678,12.98065],[77.53791,12.98017],[77.53682,12.97758],[77.53784,12.97737],[77.53778,12.97704],[77.53879,12.9768],[77.53867,12.97577],[77.54128,12.97547],[77.54148,12.97702],[77.5433,12.97683],[77.54344,12.97763],[77.5425,12.97783],[77.5429,12.98147],[77.54241,12.98571],[77.53991,12.98688],[77.53975,12.98696]]]},"properties":{"ward_id":5170,"ward_no":147,"name":"Agrahara Dasarahalli","lgd_code":1302819,"area_km2":0.69,"centroid":[12.98055,77.53953]}},{"type":"Feature","geometry":{"type":"Polygon","coordinates":[[[77.52377,12.98501],[77.52233,12.98601],[77.52031,12.9869],[77.51981,12.98626],[77.5198,12.9853],[77.51932,12.98396],[77.51823,12.98239],[77.51896,12.98056],[77.5194,12.9803],[77.51973,12.97959],[77.51906,12.9786],[77.51871,12.97733],[77.52366,12.97648],[77.52645,12.97627],[77.52607,12.97766],[77.52679,12.97799],[77.52687,12.97762],[77.52884,12.97813],[77.52929,12.98044],[77.53049,12.98029],[77.53061,12.98057],[77.53176,12.98016],[77.53239,12.982],[77.53106,12.9823],[77.53057,12.9832],[77.52987,12.98362],[77.52852,12.9839],[77.52641,12.98589],[77.52594,12.98594],[77.52539,12.98547],[77.52379,12.98501],[77.52377,12.98501]]]},"properties":{"ward_id":5174,"ward_no":149,"name":"Kaveripura","lgd_code":1302821,"area_km2":1.11,"centroid":[12.98178,77.52497]}},{"type":"Feature","geometry":{"type":"Polygon","coordinates":[[[77.53678,12.98065],[77.5338,12.98177],[77.53239,12.982],[77.53176,12.98016],[77.53061,12.98057],[77.53049,12.98029],[77.52929,12.98044],[77.52884,12.97813],[77.52687,12.97762],[77.52679,12.97799],[77.52607,12.97766],[77.52645,12.97627],[77.52904,12.97631],[77.52891,12.97511],[77.53104,12.975],[77.53454,12.9743],[77.53441,12.97395],[77.5375,12.97296],[77.53876,12.97391],[77.54028,12.97424],[77.54044,12.97557],[77.53867,12.97577],[77.53879,12.9768],[77.53778,12.97704],[77.53784,12.97737],[77.53682,12.97758],[77.53791,12.98017],[77.53701,12.98055],[77.53678,12.98065]]]},"properties":{"ward_id":5171,"ward_no":148,"name":"Govindaraja Nagar","lgd_code":1302820,"area_km2":0.81,"centroid":[12.97751,77.53357]}},{"type":"Feature","geometry":{"type":"Polygon","coordinates":[[[77.52645,12.97627],[77.52196,12.97668],[77.52178,12.97512],[77.52145,12.97513],[77.52119,12.97424],[77.52221,12.97398],[77.52233,12.97429],[77.52547,12.97335],[77.52557,12.97378],[77.5264,12.97352],[77.52859,12.97354],[77.5287,12.97284],[77.5278,12.97044],[77.52879,12.96984],[77.52889,12.97008],[77.53077,12.96967],[77.53057,12.96864],[77.53291,12.96847],[77.53618,12.96748],[77.53782,12.97212],[77.53859,12.9729],[77.5378,12.97326],[77.5375,12.97296],[77.53441,12.97395],[77.53454,12.9743],[77.53104,12.975],[77.52891,12.97511],[77.52904,12.97631],[77.52656,12.97626],[77.52645,12.97627]]]},"properties":{"ward_id":5175,"ward_no":150,"name":"Marenahalli","lgd_code":1302822,"area_km2":0.85,"centroid":[12.97309,77.52911]}},{"type":"Feature","geometry":{"type":"Polygon","coordinates":[[[77.52823,12.97188],[77.52704,12.97194],[77.52649,12.97054],[77.525,12.97078],[77.52449,12.96878],[77.52364,12.96699],[77.52324,12.96549],[77.52367,12.9638],[77.52277,12.96391],[77.52227,12.96189],[77.52316,12.96224],[77.52328,12.96173],[77.52395,12.96168],[77.5263,12.96222],[77.5263,12.962],[77.52671,12.96199],[77.52673,12.96364],[77.52643,12.9646],[77.5295,12.96494],[77.53063,12.96463],[77.53311,12.96475],[77.53469,12.96438],[77.53618,12.96748],[77.53291,12.96847],[77.53057,12.96864],[77.53077,12.96967],[77.52889,12.97008],[77.52879,12.96984],[77.5278,12.97044],[77.52813,12.97159],[77.52823,12.97188]]]},"properties":{"ward_id":5178,"ward_no":151,"name":"Maruthi Mandir ward","lgd_code":1302823,"area_km2":0.81,"centroid":[12.96637,77.52739]}},{"type":"Feature","geometry":{"type":"Polygon","coordinates":[[[77.52196,12.97668],[77.51871,12.97733],[77.51844,12.97653],[77.5186,12.97551],[77.51782,12.97513],[77.5173,12.97336],[77.51817,12.97276],[77.51791,12.97189],[77.51854,12.97072],[77.5182,12.97019],[77.51952,12.96988],[77.51946,12.96954],[77.52154,12.96905],[77.52147,12.96857],[77.5241,12.968],[77.525,12.97078],[77.52649,12.97054],[77.52704,12.97194],[77.52823,12.97188],[77.5287,12.97284],[77.52859,12.97354],[77.5264,12.97352],[77.52557,12.97378],[77.52547,12.97335],[77.52233,12.97429],[77.52221,12.97398],[77.52119,12.97424],[77.52145,12.97513],[77.52178,12.97512],[77.52191,12.97629],[77.52196,12.97668]]]},"properties":{"ward_id":5179,"ward_no":152,"name":"Mudalapalya","lgd_code":1302824,"area_km2":0.63,"centroid":[12.97288,77.52214]}},{"type":"Feature","geometry":{"type":"Polygon","coordinates":[[[77.52366,12.96396],[77.52324,12.96549],[77.5241,12.968],[77.52147,12.96857],[77.52154,12.96905],[77.51946,12.96954],[77.51952,12.96988],[77.5182,12.97019],[77.51777,12.96976],[77.51744,12.96931],[77.51748,12.96828],[77.51815,12.96747],[77.51739,12.96629],[77.51752,12.96595],[77.51847,12.96534],[77.51802,12.96422],[77.51748,12.9638],[77.51776,12.96196],[77.51739,12.96175],[77.51606,12.9618],[77.51577,12.96018],[77.51498,12.95931],[77.51448,12.95771],[77.51373,12.95821],[77.51326,12.95814],[77.51201,12.95933],[77.51161,12.95918],[77.51162,12.95871],[77.51201,12.95841],[77.51179,12.9571],[77.51205,12.95655],[77.51172,12.95555],[77.51219,12.95466],[77.51122,12.95365],[77.51146,12.9517],[77.51104,12.95035],[77.51119,12.94983],[77.51178,12.94931],[77.51236,12.94985],[77.51375,12.9498],[77.51475,12.95038],[77.51526,12.95086],[77.51841,12.95579],[77.51902,12.95555],[77.51877,12.95474],[77.51965,12.95444],[77.51952,12.95578],[77.5221,12.95538],[77.5228,12.95914],[77.51932,12.95966],[77.52027,12.96041],[77.52064,12.96179],[77.52227,12.96189],[77.52277,12.96391],[77.52367,12.9638],[77.52366,12.96396]]]},"properties":{"ward_id":5182,"ward_no":153,"name":"Nagarabhavi","lgd_code":1302825,"area_km2":1.42,"centroid":[12.96003,77.51693]}},{"type":"Feature","geometry":{"type":"Polygon","coordinates":[[[77.5273,12.95268],[77.52863,12.95682],[77.52774,12.95756],[77.52609,12.95841],[77.5245,12.95892],[77.5228,12.95914],[77.5221,12.95538],[77.51952,12.95578],[77.51965,12.95444],[77.51877,12.95474],[77.51902,12.95555],[77.51841,12.95579],[77.51507,12.95063],[77.51403,12.94988],[77.51236,12.94985],[77.51178,12.94931],[77.51274,12.94858],[77.51272,12.94791],[77.51481,12.94698],[77.51691,12.94474],[77.5169,12.94414],[77.51604,12.94388],[77.51584,12.9426],[77.51544,12.9421],[77.51613,12.94119],[77.517,12.9411],[77.51704,12.94147],[77.51794,12.94139],[77.51782,12.94008],[77.52229,12.94211],[77.5215,12.94256],[77.52194,12.94337],[77.52191,12.94458],[77.52233,12.94572],[77.5216,12.94578],[77.52148,12.9461],[77.52199,12.94966],[77.52213,12.94984],[77.52245,12.9494],[77.52365,12.94957],[77.52451,12.94937],[77.52405,12.94968],[77.52412,12.95205],[77.52541,12.95215],[77.52552,12.95301],[77.52698,12.95274],[77.5273,12.95268]]]},"properties":{"ward_id":5183,"ward_no":154,"name":"Chandra Layout","lgd_code":1302826,"area_km2":1.59,"centroid":[12.9491,77.52019]}},{"type":"Feature","geometry":{"type":"Polygon","coordinates":[[[77.52679,12.94972],[77.5273,12.95268],[77.52552,12.95301],[77.52541,12.95215],[77.52412,12.95205],[77.52405,12.94968],[77.52451,12.94937],[77.52365,12.94957],[77.52245,12.9494],[77.52213,12.94984],[77.52162,12.94786],[77.52174,12.94749],[77.52148,12.9461],[77.5216,12.94578],[77.52233,12.94572],[77.52191,12.94458],[77.52194,12.94337],[77.5215,12.94256],[77.52229,12.94211],[77.51782,12.94008],[77.51794,12.94139],[77.51704,12.94147],[77.517,12.9411],[77.51613,12.94119],[77.51544,12.9421],[77.51469,12.94212],[77.51445,12.94058],[77.51467,12.9402],[77.5146,12.93969],[77.51388,12.93874],[77.51272,12.93821],[77.51276,12.93741],[77.51383,12.93579],[77.5167,12.93634],[77.51896,12.9365],[77.52065,12.93719],[77.5232,12.93929],[77.52432,12.94056],[77.52654,12.94389],[77.52802,12.94532],[77.52638,12.94581],[77.52671,12.94926],[77.52679,12.94972]]]},"properties":{"ward_id":5186,"ward_no":155,"name":"Nayandahalli","lgd_code":1302827,"area_km2":1.08,"centroid":[12.94398,77.52064]}},{"type":"Feature","geometry":{"type":"Polygon","coordinates":[[[77.50975,13.05648],[77.50659,13.06151],[77.5073,13.05664],[77.5059,13.05639],[77.50169,13.05715],[77.50135,13.05591],[77.50071,13.0548],[77.5013,13.05525],[77.50229,13.05527],[77.50183,13.05216],[77.50294,13.05178],[77.50239,13.04982],[77.50204,13.04988],[77.50116,13.04738],[77.49635,13.04906],[77.49618,13.04618],[77.49574,13.04447],[77.49795,13.04382],[77.49928,13.04424],[77.50079,13.04393],[77.50176,13.04438],[77.50267,13.044],[77.50347,13.04401],[77.50506,13.04332],[77.50555,13.04588],[77.5073,13.04533],[77.50801,13.04714],[77.50763,13.04921],[77.50774,13.05052],[77.50878,13.05034],[77.5087,13.04946],[77.51291,13.04816],[77.51309,13.04887],[77.51337,13.0488],[77.51367,13.0502],[77.51402,13.05017],[77.51432,13.05151],[77.5118,13.0533],[77.50986,13.0563],[77.50975,13.05648]]]},"properties":{"ward_id":4914,"ward_no":19,"name":"Defence Colony","lgd_code":1303157,"area_km2":1.6,"centroid":[13.05008,77.50521]}},{"type":"Feature","geometry":{"type":"Polygon","coordinates":[[[77.463,12.8981],[77.4621,12.89757],[77.46273,12.89646],[77.46257,12.896],[77.46849,12.88832],[77.46942,12.89245],[77.47012,12.89399],[77.47344,12.89843],[77.47452,12.89809],[77.47717,12.89649],[77.47646,12.8961],[77.47562,12.89513],[77.47552,12.89434],[77.47586,12.8942],[77.47674,12.89447],[77.47783,12.89302],[77.47907,12.89217],[77.47931,12.88979],[77.47999,12.88976],[77.48105,12.89015],[77.48184,12.88956],[77.48297,12.88629],[77.4825,12.88575],[77.48014,12.88595],[77.47934,12.88623],[77.47877,12.88612],[77.4789,12.88445],[77.47736,12.88275],[77.47516,12.88095],[77.47482,12.88005],[77.4759,12.87832],[77.47941,12.87781],[77.48,12.87805],[77.48169,12.8781],[77.48129,12.87528],[77.48095,12.87486],[77.48088,12.87429],[77.48256,12.87415],[77.48312,12.87438],[77.48474,12.87165],[77.48599,12.87136],[77.48747,12.87193],[77.48842,12.87198],[77.48836,12.8724],[77.49178,12.87082],[77.49252,12.87219],[77.49271,12.87227],[77.49286,12.87191],[77.49455,12.87172],[77.49509,12.87296],[77.49627,12.87295],[77.49703,12.87238],[77.49791,12.87321],[77.49966,12.87411],[77.50269,12.87619],[77.50455,12.87701],[77.50542,12.87659],[77.50668,12.87381],[77.50925,12.87002],[77.51011,12.86903],[77.51052,12.86896],[77.51159,12.86806],[77.51241,12.86827],[77.51549,12.86788],[77.51944,12.87179],[77.52021,12.87215],[77.52309,12.87058],[77.52022,12.86634],[77.51955,12.86212],[77.51841,12.86117],[77.51915,12.855],[77.5216,12.84893],[77.52352,12.83995],[77.52606,12.84064],[77.53343,12.8397],[77.53511,12.84095],[77.53758,12.84174],[77.53833,12.8453],[77.54049,12.84496],[77.54126,12.84427],[77.54168,12.84333],[77.54278,12.84337],[77.54431,12.84437],[77.54458,12.84631],[77.54436,12.84699],[77.54468,12.84762],[77.54487,12.8476],[77.54437,12.84807],[77.54432,12.84852],[77.5452,12.84882],[77.54515,12.8493],[77.54566,12.84969],[77.54555,12.85049],[77.54478,12.85108],[77.54522,12.85162],[77.54551,12.85273],[77.54582,12.8529],[77.5458,12.85451],[77.54645,12.85545],[77.54591,12.85655],[77.54641,12.85817],[77.54573,12.85924],[77.54516,12.85879],[77.54508,12.85972],[77.5456,12.86037],[77.54578,12.86111],[77.54612,12.86134],[77.54643,12.86271],[77.54794,12.86373],[77.54832,12.86439],[77.54792,12.86511],[77.54822,12.86579],[77.54826,12.86693],[77.55013,12.86756],[77.55054,12.86844],[77.55041,12.8695],[77.54997,12.87013],[77.55002,12.87167],[77.55091,12.87283],[77.55107,12.87375],[77.55085,12.87419],[77.55105,12.8749],[77.55092,12.87534],[77.55154,12.87536],[77.55166,12.87651],[77.55202,12.87661],[77.552,12.87681],[77.5514,12.87682],[77.5512,12.87732],[77.55145,12.8792],[77.55089,12.88112],[77.54918,12.88163],[77.54914,12.88272],[77.54827,12.88272],[77.54834,12.88337],[77.54773,12.88344],[77.5478,12.88391],[77.5469,12.88455],[77.5455,12.8835],[77.54371,12.87919],[77.54201,12.87944],[77.53993,12.8801],[77.53906,12.8799],[77.53752,12.88026],[77.53756,12.88328],[77.53584,12.88461],[77.53258,12.8853],[77.53159,12.8852],[77.52791,12.88396],[77.52233,12.88363],[77.51903,12.88319],[77.51666,12.88739],[77.51572,12.89006],[77.5162,12.89145],[77.51587,12.89381],[77.51563,12.89328],[77.51576,12.89241],[77.51524,12.89256],[77.51523,12.89295],[77.51396,12.89298],[77.51439,12.89422],[77.5141,12.89507],[77.5145,12.89528],[77.51453,12.89556],[77.51417,12.89724],[77.51347,12.89813],[77.51374,12.89861],[77.51366,12.89904],[77.51263,12.90025],[77.51335,12.9011],[77.51422,12.90156],[77.51416,12.90206],[77.51161,12.90214],[77.51097,12.90259],[77.51134,12.90276],[77.51109,12.90402],[77.51179,12.90557],[77.51157,12.90609],[77.51043,12.90724],[77.51116,12.90804],[77.51105,12.9085],[77.51232,12.91011],[77.51249,12.91081],[77.5128,12.91094],[77.51197,12.91366],[77.51227,12.91594],[77.51256,12.91625],[77.51162,12.91815],[77.5116,12.91981],[77.511,12.92011],[77.51076,12.9198],[77.50898,12.92],[77.50929,12.91966],[77.50809,12.91935],[77.50689,12.92061],[77.50782,12.9219],[77.50666,12.92211],[77.50519,12.92301],[77.50468,12.92215],[77.50407,12.91993],[77.50201,12.91925],[77.49987,12.91792],[77.50055,12.91509],[77.50053,12.91274],[77.4991,12.90711],[77.49722,12.90818],[77.49498,12.9087],[77.49236,12.90975],[77.49176,12.9079],[77.49125,12.90743],[77.48956,12.90747],[77.4879,12.90788],[77.48732,12.90832],[77.48709,12.90895],[77.4851,12.90855],[77.48461,12.90823],[77.48453,12.90709],[77.48493,12.90682],[77.48634,12.90667],[77.48708,12.90622],[77.48692,12.90522],[77.48658,12.90477],[77.48464,12.90422],[77.48341,12.90315],[77.4826,12.90347],[77.48283,12.90494],[77.48254,12.90534],[77.48128,12.90595],[77.479,12.90584],[77.47926,12.90672],[77.47813,12.90743],[77.4777,12.90868],[77.47547,12.90729],[77.47416,12.90707],[77.47317,12.90656],[77.47092,12.905],[77.46891,12.90196],[77.46554,12.89995],[77.46342,12.8983],[77.463,12.8981]]]},"properties":{"ward_id":4946,"ward_no":35,"name":"Hemmigepura","lgd_code":1302707,"area_km2":32.84,"centroid":[12.88465,77.51131]}},{"type":"Feature","geometry":{"type":"Polygon","coordinates":[[[77.60179,12.95715],[77.60086,12.95745],[77.60169,12.96008],[77.59919,12.96155],[77.59732,12.96208],[77.59493,12.9624],[77.59452,12.96202],[77.59223,12.95605],[77.60024,12.94978],[77.60346,12.95055],[77.60738,12.94977],[77.60748,12.95038],[77.60926,12.95003],[77.60957,12.95181],[77.6083,12.95198],[77.60761,12.95151],[77.60514,12.95197],[77.60543,12.95492],[77.60442,12.955],[77.60137,12.95589],[77.60163,12.95666],[77.60179,12.95715]]]},"properties":{"ward_id":5239,"ward_no":182,"name":"Shanthi Nagar","lgd_code":1302854,"area_km2":1.25,"centroid":[12.95519,77.60256]}},{"type":"Feature","geometry":{"type":"Polygon","coordinates":[[[77.6121,12.95845],[77.61248,12.96177],[77.60878,12.96665],[77.60462,12.96589],[77.60445,12.96357],[77.60367,12.96398],[77.60321,12.96283],[77.60126,12.96319],[77.60169,12.96008],[77.60086,12.95745],[77.60179,12.95715],[77.60137,12.95589],[77.60442,12.955],[77.60543,12.95492],[77.60514,12.95197],[77.60761,12.95151],[77.6083,12.95198],[77.60957,12.95181],[77.60926,12.95003],[77.60748,12.95038],[77.60738,12.94977],[77.60619,12.95002],[77.60573,12.94997],[77.60579,12.9498],[77.61104,12.94897],[77.61162,12.94924],[77.61155,12.9498],[77.61535,12.95084],[77.61695,12.95065],[77.6171,12.95214],[77.61656,12.95218],[77.61681,12.95401],[77.61176,12.95598],[77.61204,12.95793],[77.6121,12.95845]]]},"properties":{"ward_id":5242,"ward_no":183,"name":"Neelasandra","lgd_code":1302855,"area_km2":1.87,"centroid":[12.95517,77.60822]}},{"type":"Feature","geometry":{"type":"Polygon","coordinates":[[[77.6258,12.95216],[77.62437,12.95412],[77.62099,12.95612],[77.62115,12.95783],[77.62032,12.95913],[77.61893,12.96246],[77.61781,12.9621],[77.61796,12.96133],[77.61835,12.9608],[77.61854,12.95904],[77.61654,12.95912],[77.61658,12.95869],[77.61449,12.95878],[77.61444,12.95818],[77.6121,12.95845],[77.61176,12.95598],[77.61702,12.95393],[77.62021,12.95232],[77.62033,12.95319],[77.6258,12.95216],[77.6258,12.95216]]]},"properties":{"ward_id":5243,"ward_no":184,"name":"Vannarapete","lgd_code":1302856,"area_km2":0.67,"centroid":[12.95729,77.61867]}},{"type":"Feature","geometry":{"type":"Polygon","coordinates":[[[77.49912,13.01394],[77.49725,13.01381],[77.49545,13.01417],[77.49268,13.01414],[77.49089,13.01406],[77.48867,13.01361],[77.48822,13.01452],[77.4869,13.01516],[77.48415,13.01559],[77.48317,13.01294],[77.48293,13.00959],[77.48362,13.00904],[77.48372,13.00867],[77.48488,13.00797],[77.4858,13.0069],[77.48651,13.00556],[77.48775,13.00419],[77.48599,13.00446],[77.48579,13.00323],[77.48303,13.00423],[77.48226,13.00476],[77.47673,13.00619],[77.47625,13.00603],[77.47536,13.00628],[77.475,13.00487],[77.47519,13.00343],[77.47542,13.00339],[77.47478,13.00075],[77.47454,13.0006],[77.4742,12.99922],[77.47357,12.99887],[77.47288,12.99673],[77.47245,12.99681],[77.47176,12.99546],[77.4724,12.99512],[77.47276,12.9946],[77.47277,12.9937],[77.47333,12.99345],[77.4734,12.99251],[77.47461,12.99208],[77.47444,12.99189],[77.47525,12.99111],[77.47691,12.99044],[77.47761,12.99059],[77.47825,12.99026],[77.47812,12.99009],[77.47891,12.98954],[77.47922,12.98909],[77.47803,12.98614],[77.47865,12.98587],[77.48228,12.98507],[77.48374,12.98497],[77.4851,12.98529],[77.48482,12.98687],[77.4852,12.99209],[77.48763,12.99153],[77.488,12.9919],[77.48951,12.99566],[77.48964,12.99743],[77.48924,12.99826],[77.4914,12.99958],[77.4922,13.00084],[77.49323,13.00075],[77.49447,13.00231],[77.49478,13.00222],[77.49562,13.00437],[77.49757,13.00386],[77.49797,13.00769],[77.4984,13.00905],[77.49922,13.00857],[77.49995,13.00934],[77.49973,13.01028],[77.49976,13.01157],[77.49999,13.01188],[77.49968,13.01293],[77.49976,13.01353],[77.49919,13.01391],[77.49912,13.01394]]]},"properties":{"ward_id":4934,"ward_no":29,"name":"Vidyamanyanagar","lgd_code":1302701,"area_km2":4.98,"centroid":[13.00152,77.48493]}}]}